device_id,machine_type,location,shift,timestamp,temperature,vibration,pressure,humidity,voltage,current,rpm,load,oil_level,noise_level,maintenance_hours,failure
M0006,Fan,Plant-B,day,2026-01-17 10:18:00,65.53,36.76,109.68,43.98,227.95,4.62,1655.0,74.5,?,51.87,293.4,0
M0046,PUMP,Refinery-1,Odd,2026-02-11 15:57:00,58.28,25.05,111.51,55.2,229.35,4.8,,76.17,82.62,65.84,,1
M0048,Fan,REFINERY-1,Night,2026-03-02 03:45:00,,33.52,112.11,55.55,,4.92,1652.0,73.09,64.69,,164.8,0
M0018,Pump, Plant-C ,Day,2026-01-09 02:30:00,65.1,32.88,109.47,54.66,224.21,4.95,1540.0,58.13,62.63,46.1,160.2,0
M0042,Fan,REFINERY-2,Day,2026-02-11 00:28:00,60.25,,105.72,46.29,226.86,5.21,1742.0,72.61,67.72,59.61,233.2,0
M0041,Pump, Refinery-2 ,Odd,2026-01-06 20:18:00,80.97,,109.14,43.07,207.94,5.36,1452.0,70.85,72.65,56.73,284.0,0
M0034,Compressor,Plant-A,ODD,2026-03-24 10:35:00,82.03,,113.38,43.68,232.45,5.43,1531.0,74.59,72.14,62.01,192.7,0
M0060,Pump,Refinery-1,night,2026-02-03 15:06:00,55.2,21.79,121.51,,223.56,4.97,1725.0,63.93,69.26,63.79,196.3,0
M0011,compressor,Plant-B,Odd,2026-03-16 08:03:00,61.13,28.03,115.03,53.77,235.7,5.11,1466.0,72.76,,59.59,154.9,1
M0001,Turbine,PLANT-C,Night,2026-01-31 01:58:00,56.5,26.82,96.23,49.34,210.94,4.32,1805.0,62.13,66.84,74.53,394.3,1
M0022,Pump,Refinery-2, WEEKEND ,2026-01-18 12:48:00,60.56,32.83,115.13,,227.81,5.23,1550.0,67.78,83.8,57.12,345.6,0
M0017,Pump, plant-a ,Weekend,2026-01-29 20:42:00,?,30.31,102.08,49.28,222.98,5.29,1726.0,,77.16,59.59,237.8,1
M0010,Motor,Refinery-1,Night,2026-03-11 07:49:00,68.51,40.46,?,55.8,222.63,5.24,?,84.9,65.86,65.04,208.6,0
M0044,MOTOR,Plant-A,Weekend,2026-03-13 13:26:00,59.63,31.87,116.55,54.26,,5.38,1558.0,79.14,99.39,39.43,184.5,1
M0030,Fan,Refinery-1,Night,2026-03-28 12:24:00,73.0,23.65,,60.37,219.05,4.71,1574.0,83.44,,69.96,271.4,0
M0052,turbine,refinery-1,Night,2026-01-27 13:58:00,69.19,31.66,,,225.43,4.92,1605.0,82.02,81.66,64.84,233.8,1
M0052,Fan,REFINERY-2,Day,2026-01-23 00:56:00,71.0,28.29,106.98,57.62,235.62,5.16,1712.0,75.92,69.95,52.65,131.2,1
M0006, Fan ,plant-a,ODD,2026-02-03 20:58:00,59.77,32.57,103.11,52.3,227.9,5.99,1508.0,60.23,92.81,55.02,,1
M0042,MOTOR,Refinery-2,Night,2026-03-17 14:38:00,48.42,23.3,100.41,47.95,,5.86,1434.0,78.48,75.12,55.44,231.1,0
M0021,Motor,Refinery-2,Odd,2026-01-23 03:11:00,58.19,33.99,115.85,52.57,222.71,5.47,1512.0,84.36,58.02,54.98,100.6,0
M0043,PUMP,Plant-C,Weekend,2026-03-25 07:24:00,64.31,34.74,108.45,54.68,219.49,5.74,,?,69.35,70.02,208.5,0
M0020,Pump, Refinery-2 ,Day,2026-03-31 14:31:00,45.85,25.28,88.14,44.22,,5.09,1519.0,73.41,82.44,48.92,262.4,0
M0020,Motor,Plant-C,Weekend,2026-01-02 23:23:00,67.67,30.31,97.34,56.3,230.92,5.1,1471.0,80.48,82.26,44.97,215.9,0
M0032,Fan,Refinery-2,Weekend,2026-02-15 15:22:00,55.59,24.98,,61.28,215.22,5.35,1768.0,,64.63,54.19,188.8,0
M0020, Turbine ,Plant-B, odd ,2026-02-03 04:59:00,66.88,21.46,109.46,,214.74,,1578.0,,,54.03,,0
M0032,Pump,Plant-B,Day,2026-01-11 07:26:00,63.48,23.32,110.8,53.67,,5.62,?,76.72,75.95,56.72,256.9,0
M0045,Motor,PLANT-B,day,2026-03-21 06:21:00,62.41,19.85,104.82,43.68,222.26,5.15,1345.0,,85.78,53.3,66.1,0
M0002,Compressor,Plant-B,Weekend,2026-03-27 11:51:00,60.83,27.39,100.21,55.54,236.99,4.92,1499.0,78.14,77.05,,84.9,1
M0015,Motor,PLANT-A,Weekend,2026/01/06 10:44:00,63.23,33.88,104.86,,,5.19,1524.0,,61.24,64.17,198.9,0
M0016,Motor, Plant-B , Night ,2026-02-11 11:15:00,63.5,31.67,,55.44,,4.23,1280.0,85.02,94.25,48.81,108.4,1
M0052,Motor,Plant-A,Weekend,2026-03-30 14:50:00,70.12,32.66,117.5,54.45,230.92,5.58,1590.0,,81.0,52.99,143.2,0
M0045,PUMP,Refinery-2,DAY,2026-03-31 06:13:00,,,107.49,50.31,223.38,4.55,1531.0,67.54,,62.6,243.5,0
M0002,Pump,Plant-B,Odd,2026-03-07 07:39:00,62.45,31.3,102.98,45.95,227.02,4.9,1474.0,78.11,75.18,60.2,,0
M0056,Turbine,Refinery-2,Odd,2026-03-27 11:27:00,55.98,27.72,,43.74,222.39,6.06,1770.0,71.64,102.86,58.32,325.2,0
M0038,Compressor,Plant-A,Odd,2026-01-30 21:40:00,68.4,18.38,111.67,43.13,213.46,5.16,1560.0,68.06,89.97,45.92,195.6,0
M0008,Pump,refinery-1,Night,2026-01-10 11:17:00,,22.97,94.07,52.02,234.96,4.94,1249.0,57.96,70.0,52.98,195.5,0
M0052,Compressor,Plant-C,DAY,2026-01-19 14:43:00,54.78,30.42,94.24,44.74,228.18,5.53,1475.0,84.87,93.89,,,0
M0003,Turbine,Plant-B,NIGHT,2026-01-09 01:08:00,78.18,31.86,,41.94,224.3,5.76,1653.0,77.12,90.64,62.42,292.0,0
M0040,Pump,Plant-B,night,2026-03-01 04:19:00,64.98,32.45,121.17,50.92,216.98,5.13,1545.0,61.35,76.93,,275.5,1
M0038,Motor,Plant-B,Day,2026-02-12 13:12:00,70.88,32.25,111.32,40.17,227.65,5.02,1492.0,83.71,97.75,74.15,298.9,0
M0034,Motor,Plant-C,night,2026-01-12 07:44:00,71.05,32.27,92.65,60.1,220.99,4.21,1424.0,64.79,80.63,55.54,199.8,0
M0041,Fan,Plant-B,Day,2026-01-29 20:15:00,68.88,,?,56.9,220.54,5.68,1631.0,65.45,91.69,?,226.1,0
M0015,Turbine,Refinery-2,Odd,2026-02-11 01:56:00,,32.67,103.46,60.18,221.35,5.88,1472.0,74.4,67.14,62.1,306.7,1
M0007,Compressor,Plant-A,NIGHT,2026-01-23 10:47:00,65.88,27.55,91.02,39.19,230.23,5.03,1478.0,75.09,89.54,59.62,180.6,0
M0007,Pump,PLANT-B,Night,2026-03-23 13:10:00,75.43,35.04,119.87,48.1,215.78,,,,93.6,,241.1,1
M0001,PUMP,Plant-C,Day,2026-03-19 11:19:00,76.05,29.01,117.88,50.43,225.3,5.15,1550.0,92.19,52.16,39.99,187.4,0
M0021,Pump,refinery-1,Weekend,2026-03-28 00:20:00,53.66,,,48.22,212.94,4.61,1446.0,99.57,101.62,54.29,198.2,0
M0038,Compressor,Plant-B,Odd,2026-03-17 23:39:00,64.91,21.74,101.84,52.56,229.9,5.12,1733.0,85.08,,64.75,,0
M0041,pump,PLANT-B,DAY,2026-01-29 20:03:00,67.38,35.32,100.11,,,,1384.0,,53.0,47.24,299.5,0
M0050,pump,Refinery-2,Weekend,2026-01-16 07:56:00,,?,108.27,44.45,,5.54,,90.52,95.32,48.99,321.0,0
M0026,Compressor,Refinery-2,Night,2026-03-01 06:54:00,64.69,40.44,,57.0,225.78,5.68,1496.0,74.5,78.61,50.48,259.7,0
M0040,Turbine,refinery-2,day,2026-01-22 13:17:00,71.37,,107.5,40.72,224.81,6.4,1648.0,76.7,74.73,54.45,92.2,0
M0005,Turbine,REFINERY-2,Weekend,2026-03-07 15:32:00,74.86,13.33,101.52,41.74,231.44,4.79,1598.0,80.65,102.03,56.17,242.6,0
M0035,Pump,Plant-A,day,2026-01-17 17:10:00,72.01,31.62,109.12,63.02,228.75,5.59,1875.0,72.86,70.43,61.85,246.3,0
M0029,turbine,plant-c,WEEKEND,2026-03-26 07:48:00,61.99,,100.9,48.22,221.98,5.75,,83.62,75.44,61.39,152.4,1
M0008,Fan,plant-b,Weekend,2026-02-09 09:57:00,42.06,28.1,103.35,,225.75,5.95,,78.36,69.01,51.95,308.6,1
M0013,Compressor, Refinery-2 ,night,2026-01-14 19:46:00,67.05,33.91,104.91,53.59,221.65,6.54,1361.0,87.61,96.41,50.33,353.8,0
M0057,Compressor,Refinery-1,Weekend,2026-01-21 13:52:00,57.57,24.79,88.65,51.66,224.33,4.94,1195.0,62.53,,52.02,241.6,0
M0014,Fan,PLANT-A,Odd,2026-02-28 08:04:00,83.4,,122.85,52.5,232.7,4.77,1447.0,79.6,91.86,58.36,142.8,0
M0013,Compressor,Plant-A,Day,2026-03-28 01:03:00,69.51,30.69,108.3,55.44,218.52,5.73,1385.0,78.28,82.14,52.45,218.6,0
M0026,Motor,Plant-B,Night,2026-03-06 17:09:00,?,41.99,106.32,50.48,229.39,5.74,1310.0,58.18,82.52,51.57,298.7,0
M0038,Turbine, PLANT-C ,Weekend,2026-02-10 14:55:00,72.85,,125.09,43.28,230.99,4.19,1438.0,90.16,76.87,65.56,234.2,1
M0038,Turbine,PLANT-B,Day,2026-03-02 09:14:00,71.17,34.85,103.54,,226.12,4.71,1412.0,65.6,72.38,47.53,229.7,0
M0042,Compressor,REFINERY-1,WEEKEND,2026-03-22 18:43:00,,,103.81,38.65,206.25,5.77,1431.0,70.44,63.36,,209.6,0
M0010,Motor,REFINERY-2,Odd,2026-01-22 10:02:00,66.56,28.69,101.16,52.02,222.98,,1559.0,68.22,86.39,84.23,113.4,0
M0010,Fan,Refinery-1,Odd,2026-01-05 13:09:00,66.17,29.9,107.83,57.59,210.88,5.78,1550.0,72.96,62.35,,75.2,1
M0015,Fan,Plant-C,Night,2026-03-03 00:25:00,50.92,34.51,106.29,66.71,216.2,5.14,1765.0,86.91,71.65,60.02,220.1,0
M0048,Fan,Refinery-2,weekend,2026-03-16 15:55:00,60.7,37.37,98.6,54.48,220.69,5.35,1533.0,83.73,73.58,43.85,137.1,0
M0033,Motor,Plant-C,Day,2026-01-12 01:54:00,67.08,36.15,103.36,,206.79,5.58,1536.0,64.87,,52.75,188.3,1
M0006, pump ,plant-a,Day,2026-03-11 16:44:00,,21.35,99.83,56.4,214.05,5.09,,76.11,?,71.3,250.4,0
M0042,Turbine,Plant-A,Weekend,2026-02-21 04:40:00,83.14,23.82,105.7,41.77,218.78,4.82,1423.0,64.48,78.27,47.05,,0
M0051,Turbine,Plant-C,Night,2026-01-11 19:12:00,65.76,,95.17,54.81,234.7,5.87,,,92.19,43.07,219.5,0
M0033,fan,Plant-A,Weekend,2026-01-14 18:33:00,68.82,30.0,105.4,56.73,209.38,4.02,1582.0,74.93,82.04,53.84,259.9,0
M0021,Fan,Plant-B,Odd,2026-02-22 08:46:00,65.46,23.3,109.15,54.05,225.7,5.33,1518.0,89.78,69.19,52.71,220.7,1
M0060,Motor,Plant-A, DAY ,2026-03-25 01:57:00,63.65,36.26,108.93,40.22,230.24,4.55,1719.0,85.24,83.48,59.42,207.5,0
M0041,Pump,Plant-A,Odd,2026-03-08 00:59:00,76.38,27.26,,35.94,227.13,4.56,1573.0,59.39,86.51,67.22,173.0,0
M0003,Turbine,Plant-B,odd,2026-03-25 15:52:00,65.26,30.88,100.3,53.05,218.76,5.51,1616.0,45.83,94.28,30.57,183.0,0
M0010,Fan,Plant-A,Day,2026-03-07 23:32:00,61.77,24.82,117.94,40.55,237.83,5.18,?,68.23,70.38,46.53,225.7,0
M0028, Pump ,Plant-C,Night,2026-01-04 04:12:00,,28.28,99.14,51.15,219.88,5.04,1521.0,67.66,85.82,60.15,214.7,0
M0033,MOTOR, PLANT-B ,Night,2026-03-10 19:54:00,65.25,28.49,97.14,47.97,226.59,4.74,1453.0,61.4,84.69,62.91,233.9,0
M0055,Compressor,refinery-2,weekend,2026-01-18 02:33:00,56.11,37.13,111.26,41.15,239.22,5.6,1548.0,90.9,81.91,57.75,180.4,0
M0044,Motor,Refinery-1,Weekend,2026-01-21 09:48:00,70.28,27.62,106.14,55.16,221.3,5.8,1430.0,77.95,?,63.94,335.0,0
M0007,Turbine,plant-c,Night,2026-01-27 16:48:00,61.06,19.14,98.97,42.35,213.42,6.23,1582.0,78.8,76.29,56.44,,1
M0037,COMPRESSOR,plant-b,Night,2026-01-31 18:02:00,,32.32,93.46,51.11,233.18,5.67,1538.0,,72.45,62.21,231.7,0
M0011,Motor,plant-a, weekend ,2026-03-02 04:32:00,,38.41,94.53,44.41,226.69,5.43,1609.0,84.11,82.38,62.4,204.4,0
M0052,Turbine,Plant-A,Night,2026-02-13 11:57:00,65.78,44.03,101.22,52.27,218.61,4.99,1579.0,83.46,83.83,69.33,214.3,0
M0034,compressor,refinery-1,day,2026/03/01 15:55:00,69.81,32.0,96.91,54.74,219.05,4.89,1436.0,88.01,87.6,63.44,294.8,1
M0056,Compressor,Plant-B,NIGHT,2026-03-05 11:23:00,81.97,31.41,86.38,42.98,211.08,5.21,1535.0,70.32,104.13,62.94,263.6,1
M0023,Fan,Plant-B,Weekend,2026-03-11 11:13:00,180,100,3000,,221.53,5.67,1667.0,,101.34,50.2,220.8,0
M0031,Turbine, Refinery-2 ,Day,2026-02-20 01:22:00,68.88,23.53,,,217.61,4.57,?,74.1,69.17,55.26,293.8,0
M0037, fan ,plant-b,Night,2026-03-10 02:02:00,55.54,31.99,107.47,,229.41,3.77,1455.0,76.38,77.66,62.3,267.4,1
M0046,FAN,refinery-2,Night,2026-01-19 19:21:00,74.88,30.08,116.05,51.94,228.67,5.42,1633.0,97.77,91.65,43.78,246.8,1
M0044,pump, REFINERY-1 ,Odd,2026-03-18 19:50:00,,41.61,,59.04,227.09,5.7,1583.0,,,62.47,242.0,1
M0026,Compressor,Plant-C,WEEKEND,2026-03-20 11:44:00,57.78,20.68,107.61,,221.07,5.25,1882.0,83.35,,65.6,308.8,0
M0019,Motor,Plant-C,Day,2026-01-19 07:37:00,66.2,31.94,117.09,61.0,237.56,4.6,1507.0,79.8,110.38,71.32,287.2,0
M0056, Fan , Plant-A ,Day,2026-03-04 06:23:00,,20.8,99.83,54.79,,4.23,1630.0,86.23,79.46,40.35,262.4,0
M0033,turbine,Plant-C,Day,2026-02-27 17:44:00,58.07,20.12,107.91,47.52,,4.88,1441.0,,59.57,45.03,286.6,0
M0036,Fan,PLANT-C,Night,2026-01-18 08:56:00,79.58,,115.28,42.87,225.82,,1435.0,65.17,83.32,66.96,212.2,0
M0032, Fan ,Plant-B,odd,2026-01-25 22:44:00,61.72,30.54,114.96,45.77,210.26,4.05,1398.0,61.87,78.14,47.3,177.8,0
M0010,Turbine,Plant-B,Night,2026-02-26 19:34:00,62.76,40.9,,51.52,224.71,5.14,,76.07,90.18,70.4,219.9,0
M0011,Turbine,Plant-B, Weekend ,2026-01-03 06:05:00,74.74,35.52,120.22,52.51,232.24,5.02,1477.0,,82.59,65.24,227.4,0
M0046,Compressor, plant-c , night ,2026-03-17 06:11:00,62.03,36.49,99.58,58.04,229.34,5.35,1567.0,73.25,92.55,50.21,122.7,0
M0057,Motor,PLANT-C,Weekend,2026-01-21 22:18:00,61.53,17.49,108.89,47.34,208.21,,1722.0,,84.31,58.41,299.7,0
M0056,Pump,PLANT-C,Weekend,2026-03-21 21:33:00,57.29,37.6,118.72,43.06,232.74,?,1590.0,79.6,91.93,58.74,304.6,0
M0040,Pump,Refinery-2,night,2026-02-20 21:24:00,64.3,31.23,116.79,43.72,217.06,5.08,1649.0,61.69,59.98,65.41,183.8,0
M0029,Compressor,Plant-C,Night,2026-01-14 19:32:00,180,120,2000,,217.11,5.17,1550.0,86.4,94.49,55.04,207.2,0
M0042,Pump,Plant-B,Odd,2026-02-27 20:27:00,66.3,,96.73,49.86,220.31,?,1435.0,73.2,85.4,48.93,178.0,1
M0045, Compressor ,Plant-A,Odd,2026-01-25 11:37:00,77.53,33.05,87.27,53.18,234.86,5.07,1669.0,68.1,62.17,59.27,114.6,1
M0014,motor,Refinery-2,Odd,2026-02-17 06:12:00,56.1,35.01,116.86,51.48,223.59,5.44,1206.0,78.02,78.64,57.54,262.4,0
M0022,MOTOR,plant-c,Night,2026-01-20 11:55:00,57.76,28.98,123.41,41.15,215.64,,1757.0,70.38,79.69,54.37,163.3,0
M0060,FAN,Plant-A,weekend,2026-01-15 22:01:00,?,27.64,88.81,50.8,233.63,4.48,1626.0,78.32,,65.85,178.3,0
M0045,Compressor,Plant-B,Weekend,2026-03-03 13:06:00,,,100.36,53.26,216.91,6.1,1470.0,80.01,92.79,61.46,225.7,0
M0023,Compressor,Refinery-2,Day,2026-02-11 05:03:00,59.85,28.44,,56.12,217.14,4.69,1563.0,92.26,57.01,60.5,137.4,1
M0017, compressor ,Plant-C,night,2026-01-20 23:08:00,65.07,29.3,,63.47,,,1440.0,84.81,,49.04,249.6,0
M0026,Turbine,Plant-C,day,2026-01-11 15:12:00,63.76,38.59,118.68,51.7,218.42,6.15,1542.0,76.26,,49.99,131.9,0
M0029,Compressor,Refinery-2,ODD,2026-03-01 02:10:00,47.06,22.07,99.63,44.18,228.17,5.38,1657.0,82.52,93.69,57.98,238.2,0
M0055, Fan ,Plant-C,odd,2026-03-29 06:45:00,58.1,34.85,99.4,40.15,233.17,4.88,1500.0,75.41,93.71,58.18,148.1,0
M0043, Fan ,REFINERY-2,Night,2026-01-06 11:07:00,59.84,25.94,113.99,55.61,227.21,4.39,1512.0,67.54,90.44,68.6,283.4,0
M0015,Pump,plant-a,Night,2026-03-22 00:53:00,70.81,37.02,93.3,55.28,,3.69,1294.0,64.82,86.37,59.02,,0
M0037,motor,Refinery-1,Weekend,2026-01-01 10:46:00,60.33,30.71,108.18,44.51,224.0,4.83,1825.0,74.1,,56.24,235.6,0
M0030,Pump,Plant-A,Night,2026-02-03 15:40:00,83.65,34.92,101.66,58.74,,6.38,1364.0,72.35,,40.24,283.6,1
M0015,Fan,Refinery-2,Day,2026-02-05 02:56:00,,32.41,97.38,,225.11,5.64,1387.0,66.59,83.28,57.1,254.3,0
M0027,Pump,Plant-B,Odd,2026-03-31 18:49:00,68.88,33.14,113.89,59.96,232.97,4.64,1441.0,74.24,74.59,47.76,193.5,0
M0003, Compressor ,Refinery-1,ODD,2026-01-16 13:43:00,66.66,20.57,112.71,58.87,218.14,5.19,1342.0,62.41,,53.8,153.5,1
M0004,Motor,Plant-B,DAY,2026-01-09 15:46:00,75.63,26.06,125.13,54.14,216.87,,1643.0,85.53,79.15,58.4,265.5,1
M0002,pump, Plant-A ,Day,2026-03-10 09:28:00,70.5,33.28,107.43,53.9,224.66,5.45,1462.0,78.7,88.02,,223.1,1
M0006,Fan,plant-b,Odd,2026-01-02 04:03:00,71.68,29.32,122.77,51.67,227.16,4.65,1600.0,73.66,72.7,51.01,380.3,0
M0001,Pump,Refinery-1,NIGHT,2026-01-27 16:06:00,72.81,30.24,112.77,37.67,231.9,5.31,1625.0,78.8,68.16,44.52,177.3,0
M0005,pump,Refinery-1,night,2026-03-27 15:19:00,63.35,36.15,100.82,45.98,234.31,5.02,1682.0,79.29,75.89,62.32,239.2,1
M0012,PUMP,Refinery-1,Odd,2026-02-14 05:46:00,51.71,18.94,107.55,45.86,217.68,5.16,,60.47,74.61,71.59,155.5,0
M0057,FAN,REFINERY-1,Night,2026-01-02 02:55:00,54.2,35.23,,,224.64,4.36,1665.0,71.3,84.1,52.17,318.7,0
M0032,Turbine,PLANT-B,Night,2026-03-02 11:16:00,63.58,,85.83,42.08,232.69,3.93,1458.0,71.0,,64.92,186.6,0
M0021,Turbine,PLANT-C,day,2026-03-22 08:14:00,64.51,27.35,106.52,53.85,241.49,5.76,1667.0,105.89,86.19,62.36,262.2,0
M0033,MOTOR,PLANT-C,WEEKEND,2026-03-25 10:10:00,66.32,34.67,114.1,,229.68,5.24,1469.0,72.39,80.23,57.69,106.9,0
M0009,Motor,PLANT-A,Night,2026-03-19 11:15:00,66.42,33.24,95.83,50.45,,5.7,1453.0,71.55,47.55,52.41,188.5,0
M0036, Motor ,Refinery-2,Night,2026-01-04 08:15:00,60.33,29.95,98.92,54.38,222.77,4.62,1516.0,77.26,83.9,74.91,179.9,1
M0044,Fan,Plant-C,Night,2026-03-04 00:13:00,50.13,27.03,108.99,,219.3,5.83,,62.52,88.52,73.04,249.6,0
M0060,Pump,Plant-C,Weekend,2026-02-04 15:43:00,64.08,36.39,95.22,69.7,228.0,5.43,1613.0,93.77,89.51,43.55,304.2,0
M0055,Fan,PLANT-C,Odd,2026-03-25 21:53:00,61.63,35.87,99.62,49.74,,5.62,1782.0,,97.54,50.39,234.2,0
M0044,Motor,Refinery-1,Night,2026-01-26 08:04:00,62.57,36.57,110.5,40.84,229.89,3.92,1523.0,,80.22,53.51,273.4,0
M0048,Turbine,plant-a,Weekend,2026-02-08 00:01:00,73.03,36.48,102.69,54.16,223.05,,1626.0,63.1,81.94,72.83,209.1,1
M0004, COMPRESSOR ,Plant-C,Weekend,2026-01-01 09:04:00,70.25,25.64,105.4,47.81,212.32,4.65,1738.0,78.85,64.12,44.14,213.3,0
M0027,Compressor,Plant-C,Odd,2026-01-19 15:51:00,62.87,26.11,121.05,57.34,218.91,5.54,1460.0,63.15,92.41,,275.6,0
M0043, Pump ,Refinery-1,Weekend,2026-03-23 23:11:00,71.81,34.35,112.85,52.54,,4.83,1322.0,78.4,82.23,63.02,,0
M0008,Turbine,Plant-B,Weekend,2026-03-21 01:09:00,61.99,44.96,100.72,46.0,210.8,6.04,1666.0,99.18,63.33,71.12,224.2,1
M0048,Motor,plant-c,Day,2026-02-18 10:51:00,67.79,28.41,108.28,45.61,?,5.83,1542.0,,,49.67,293.6,0
M0049,Turbine,Refinery-1,Weekend,2026-01-10 01:31:00,59.82,28.36,90.23,,221.86,6.02,,89.3,83.08,65.68,263.1,1
M0049,motor, Refinery-2 ,Weekend,2026-02-26 19:07:00,51.12,30.82,109.88,53.69,229.54,4.04,1386.0,94.74,67.43,63.5,178.8,0
M0014,Fan,Plant-C,ODD,2026-01-10 09:49:00,54.42,37.7,97.1,45.11,223.67,4.56,1402.0,74.5,69.3,51.33,173.1,0
M0010,Pump, Plant-C , Night ,2026-01-19 14:19:00,68.64,31.69,105.46,54.87,232.48,5.75,1537.0,88.87,82.74,63.69,236.9,0
M0017,Turbine,refinery-2,Night,2026-01-25 08:48:00,70.05,46.8,101.33,38.33,232.2,4.76,,72.18,,56.4,265.5,0
M0040,Pump,Refinery-2,Odd,2026-01-25 23:49:00,,32.68,114.28,55.25,221.48,4.39,,80.46,93.09,49.57,165.6,0
M0016,Fan,plant-c,DAY,2026-01-01 04:10:00,77.39,27.75,112.22,39.66,223.63,4.2,1423.0,83.39,79.4,55.13,175.1,0
M0032,Turbine,REFINERY-1,Weekend,2026-03-05 10:31:00,59.14,29.62,106.83,60.92,222.6,5.78,1697.0,74.36,77.47,55.04,,0
M0040,Motor,Plant-B,odd,2026-03-16 13:52:00,53.94,29.47,107.96,62.95,225.69,3.8,1538.0,102.4,90.4,50.7,255.5,1
M0013,TURBINE,Refinery-2,NIGHT,2026-01-19 03:41:00,68.34,39.99,108.15,53.94,225.14,4.58,1491.0,62.88,,61.62,152.6,1
M0035, Pump ,REFINERY-1,DAY,2026-01-05 17:25:00,53.69,15.96,94.44,54.39,212.21,4.38,1764.0,,83.85,63.78,259.8,0
M0006,Turbine,Plant-C,Night,2026-02-18 10:55:00,62.47,26.09,107.21,52.77,227.58,5.01,1417.0,,80.15,66.0,267.4,0
M0025,Compressor,Plant-C,Odd,2026-01-20 00:04:00,58.3,34.22,117.37,49.65,235.46,4.02,1543.0,74.6,,79.45,216.0,1
M0021,Compressor,Plant-A,Odd,2026-02-08 04:47:00,57.04,23.73,98.82,42.76,212.49,5.33,1578.0,92.01,71.98,60.66,238.8,0
M0060,pump,Plant-C,Odd,2026-02-12 02:46:00,180,80,2500,54.21,219.57,5.81,1520.0,68.5,64.96,60.28,273.7,0
M0021,Fan, Plant-C ,Odd,2026-02-14 01:02:00,77.07,35.81,101.79,,226.56,5.42,1387.0,59.58,69.35,49.32,,0
M0025,Compressor,Refinery-2,Night,2026-01-13 21:14:00,63.79,29.81,90.57,43.26,223.81,5.1,1482.0,73.23,,66.0,214.0,1
M0048,Motor, Plant-B ,NIGHT,2026-01-21 18:09:00,66.45,32.49,96.76,49.48,224.25,3.87,1523.0,73.43,78.08,70.74,147.1,0
M0016,Compressor,Plant-C,weekend,2026-02-14 01:31:00,71.04,43.66,105.62,44.64,215.52,5.53,,,89.81,61.93,,1
M0041,pump,Refinery-2,DAY,2026/03/09 00:19:00,58.53,26.35,116.27,56.82,219.35,4.76,1472.0,82.33,68.0,61.21,264.8,1
M0030,Pump,Refinery-2,day,2026-03-05 15:44:00,67.44,29.12,139.54,52.0,221.96,6.05,1329.0,75.94,103.93,56.95,116.0,1
M0049,compressor, PLANT-B ,Odd,2026-02-11 20:45:00,63.2,31.82,93.62,42.83,224.25,5.5,1677.0,81.07,80.88,51.28,155.7,0
M0003, Turbine ,Refinery-2,Day,2026-03-22 16:40:00,81.97,36.02,113.22,54.03,216.97,5.97,1448.0,77.83,60.33,39.63,239.1,0
M0029,PUMP,Refinery-2,Day,2026-02-26 11:17:00,64.04,38.28,117.1,53.34,,4.97,1744.0,80.43,119.25,47.27,178.6,0
M0004,COMPRESSOR,refinery-2,ODD,2026-01-07 07:52:00,70.13,30.19,96.51,42.66,218.98,,,77.15,86.01,52.35,307.9,0
M0004,Compressor,Refinery-1,Weekend,2026-03-01 08:26:00,71.94,25.97,100.22,44.4,227.74,5.89,1527.0,62.29,67.01,61.55,330.6,1
M0058,Motor,Plant-A,Weekend,2026-01-11 23:42:00,68.31,27.35,89.26,43.94,235.25,5.24,1604.0,72.39,72.09,?,208.7,0
M0055,Motor,REFINERY-1,Day,2026-03-27 22:49:00,66.97,29.83,104.47,54.29,220.66,,1912.0,,81.2,44.54,227.0,0
M0019,Turbine,Refinery-2,NIGHT,2026-01-27 16:11:00,,28.5,84.61,,224.35,4.91,1482.0,78.58,69.27,37.7,244.4,0
M0032,FAN,Plant-A,Day,2026-03-29 05:48:00,60.23,,114.69,,223.57,5.12,1638.0,59.45,72.92,47.77,326.3,0
M0059,Turbine,Refinery-1,Weekend,2026-01-26 22:54:00,51.97,39.58,106.82,58.97,216.4,4.65,1410.0,77.5,80.79,53.82,159.2,0
M0008,Fan,Plant-C,weekend,2026-01-11 23:33:00,58.98,29.01,96.33,,227.49,5.42,1712.0,86.56,89.18,45.2,178.3,0
M0034,Fan,plant-b, ODD ,2026-01-13 17:29:00,71.54,21.61,95.38,,207.73,5.18,1427.0,76.01,,61.82,,0
M0016,TURBINE,Refinery-1,Weekend,2026-03-15 05:13:00,73.69,26.3,114.86,53.77,224.9,5.01,1841.0,66.83,83.58,51.25,327.1,0
M0005,Fan,Refinery-1,Day,2026-02-27 22:31:00,56.6,,101.8,62.32,217.77,4.76,1433.0,78.23,63.52,53.69,90.9,0
M0042,TURBINE,Refinery-2,Odd,2026-02-12 00:45:00,75.18,25.51,105.91,56.68,231.47,5.1,1515.0,57.61,67.33,60.87,211.7,0
M0027,MOTOR,Plant-B, odd ,2026-01-19 01:26:00,67.41,23.36,111.91,57.4,227.18,4.09,1433.0,80.65,80.25,33.75,294.6,0
M0007,Motor,plant-a,Odd,2026-03-14 23:32:00,70.15,25.6,108.18,48.41,229.01,5.27,1181.0,76.79,87.71,62.01,,0
M0060,Pump,Plant-B,Weekend,2026-03-18 21:46:00,75.3,28.23,109.68,53.54,,4.18,1494.0,83.49,98.55,60.16,202.4,0
M0016,Fan,Refinery-2,Night,2026-03-28 23:42:00,75.38,23.16,100.68,50.68,240.93,4.95,1470.0,69.49,99.91,32.69,159.8,0
M0012,pump, Plant-A ,day,2026-02-05 13:27:00,57.83,22.93,108.13,41.6,199.85,4.57,1493.0,68.95,98.23,52.48,272.9,0
M0029,Turbine,Plant-C, Odd ,2026-01-02 12:16:00,65.56,26.27,95.55,38.64,,5.54,1466.0,100.21,90.63,69.74,267.7,0
M0043,fan,Refinery-2,Day,2026-03-03 03:01:00,65.81,26.26,98.79,45.46,219.33,4.43,1369.0,73.05,72.88,67.96,237.6,0
M0052, Motor ,Plant-B,Day,2026-02-03 19:12:00,68.38,27.91,96.93,53.86,228.41,4.86,1683.0,,73.0,72.73,272.1,0
M0001,Turbine,Plant-A,day,2026-01-28 03:09:00,62.67,43.45,82.59,47.28,224.97,4.73,1657.0,83.13,79.43,55.56,213.3,0
M0054,TURBINE,Refinery-1,Night,2026-02-09 00:11:00,66.35,35.13,95.13,,226.43,6.91,1586.0,91.06,94.47,61.31,160.6,0
M0007,Turbine,Plant-B,Day,2026-02-13 06:45:00,62.21,37.36,96.5,52.19,225.54,4.27,1391.0,75.12,103.77,63.21,116.5,1
M0028,Turbine,Refinery-2,Weekend,2026-02-05 01:41:00,,27.23,91.72,63.84,220.16,4.86,1542.0,75.67,75.36,57.84,217.6,1
M0022, Turbine ,Refinery-1,Odd,2026-03-14 01:27:00,75.27,18.66,91.84,36.37,216.3,4.71,1356.0,67.66,55.82,48.84,292.0,0
M0010,MOTOR,PLANT-B,odd,2026-02-26 09:34:00,,28.59,117.12,39.74,219.85,4.88,1523.0,,87.14,64.0,250.5,0
M0013,TURBINE,Plant-B,Odd,2026-02-20 21:29:00,56.21,26.75,107.72,45.6,,5.46,1508.0,77.26,99.11,56.45,290.8,0
M0044,Fan,Plant-A,Night,2026-03-17 14:15:00,81.85,37.44,112.85,43.27,220.9,5.14,1456.0,80.0,84.28,48.21,291.8,0
M0012,Turbine,Refinery-1,Odd,2026-01-21 16:02:00,73.45,34.1,95.89,62.12,229.29,4.97,1469.0,77.57,59.95,64.3,162.8,1
M0013,Turbine,Plant-B,Night,2026-02-25 05:24:00,81.52,30.48,83.75,54.26,217.77,4.8,,77.55,74.14,52.15,227.6,0
M0050,Compressor,Plant-C,Night,2026-01-21 19:52:00,69.69,31.17,87.88,63.3,213.49,5.45,1596.0,77.76,74.07,65.45,126.4,0
M0005,Pump,Refinery-2,Day,2026-02-22 11:22:00,52.27,20.09,109.25,44.29,227.42,5.67,,60.88,100.09,61.16,194.8,0
M0043,Fan,Plant-B,Night,2026-01-14 02:56:00,74.29,34.92,117.52,49.63,233.11,,1635.0,,,47.88,220.3,0
M0019,Fan,Refinery-2, night ,2026-01-23 05:01:00,65.25,29.89,102.27,47.27,225.58,5.22,1424.0,83.02,68.28,56.04,202.3,0
M0045,FAN,Plant-A,Weekend,2026-03-04 09:45:00,59.52,24.1,98.61,,223.23,5.63,1706.0,65.24,71.19,45.07,341.8,0
M0035,MOTOR, plant-a ,day,2026-03-26 04:42:00,65.29,25.1,113.9,47.34,222.92,5.57,1527.0,72.65,80.13,65.16,318.8,0
M0017,Pump,Refinery-2,night,2026-02-28 23:04:00,65.65,24.38,105.12,50.09,214.06,4.88,1511.0,79.13,85.54,52.77,248.1,0
M0016,Pump,Plant-A,Night,2026-03-24 13:22:00,70.29,24.75,98.53,53.46,220.01,3.93,1543.0,60.2,,59.59,165.7,0
M0045,Compressor,Refinery-2,WEEKEND,2026-01-07 14:42:00,59.67,?,104.2,49.58,248.97,4.55,1577.0,,79.98,58.99,157.3,0
M0056,PUMP,PLANT-C,Odd,2026-01-14 04:12:00,,?,90.3,43.0,221.85,4.4,1595.0,82.4,,,252.2,0
M0003,FAN,Plant-C,Night,2026-03-24 04:32:00,62.51,35.21,89.14,46.21,241.36,4.82,1521.0,66.17,84.03,51.37,208.9,0
M0026,PUMP,refinery-2,Odd,2026-03-03 08:39:00,76.83,34.71,92.44,53.41,215.07,4.31,1578.0,80.23,90.84,62.47,251.9,0
M0024,Pump, Plant-C ,Odd,2026-03-03 08:43:00,61.48,41.85,89.74,52.68,217.04,?,?,78.79,68.66,51.11,275.6,0
M0002,Motor,PLANT-A,Day,2026-02-28 03:20:00,74.53,39.07,123.04,50.94,222.51,6.01,1635.0,65.18,67.6,62.43,209.4,1
M0049,Pump,Refinery-1,Day,2026-01-01 12:38:00,69.21,33.35,108.88,52.79,227.43,6.21,1682.0,64.4,89.55,66.03,238.9,0
M0057, motor ,Refinery-1,Weekend,2026-03-01 07:08:00,63.4,,113.68,36.45,224.54,4.94,1533.0,69.98,,75.31,200.6,0
M0020,Motor,refinery-2,odd,2026-02-15 14:44:00,76.11,28.1,102.49,56.95,234.8,4.8,1469.0,78.79,98.33,68.31,144.9,1
M0038,Motor,Plant-C,Odd,2026-03-07 16:22:00,74.51,28.13,112.31,40.74,225.04,5.34,1688.0,59.15,80.37,48.23,250.3,0
M0003,Motor, Refinery-1 ,Odd,2026-01-26 14:48:00,70.72,26.24,98.15,50.69,233.05,6.57,1369.0,78.15,66.96,67.17,163.7,1
M0053,pump,PLANT-A,Odd,2026-03-02 21:45:00,66.29,28.8,96.3,62.3,216.76,,1618.0,56.44,95.3,63.62,274.0,0
M0001,Compressor, Refinery-1 ,Night,2026-03-22 18:07:00,67.15,23.63,,54.45,232.09,4.61,?,69.67,80.2,70.75,268.4,0
M0038,Motor,Refinery-2,day,2026-03-07 06:27:00,,16.65,94.09,44.8,,4.63,1488.0,62.75,82.05,61.83,244.1,0
M0050,COMPRESSOR,Plant-B,Day,2026-03-05 14:16:00,,29.04,90.9,53.19,226.74,5.06,1545.0,,87.32,57.61,230.0,0
M0059,Fan,Plant-B,Odd,2026-02-17 03:40:00,67.7,23.97,112.19,48.89,229.48,4.82,1529.0,,82.96,62.44,185.2,0
M0001,compressor, PLANT-C ,Day,2026-03-14 16:45:00,52.49,,,49.42,228.24,4.92,,85.26,84.65,62.41,310.1,1
M0046,compressor,Plant-A,Night,2026-03-23 13:38:00,59.27,31.73,101.67,61.83,235.74,,,74.12,64.87,56.05,226.1,0
M0001,Pump,Plant-B,day,2026-03-09 10:09:00,51.51,27.09,117.29,52.82,189.89,5.6,?,55.04,98.23,33.05,276.3,0
M0032,compressor,PLANT-B,Weekend,2026-03-31 11:47:00,52.26,30.27,108.93,39.99,231.22,,1484.0,73.27,56.6,55.01,220.4,0
M0055,Motor,Plant-B,WEEKEND,2026-03-05 11:22:00,62.57,28.03,99.92,38.48,228.06,5.34,1651.0,69.69,102.74,,,0
M0028,Compressor,Plant-B,Odd,2026-01-21 19:26:00,50.22,28.33,116.45,54.19,225.16,4.6,1577.0,85.13,85.17,59.5,172.2,1
M0048,FAN,refinery-2,Odd,2026-02-16 05:37:00,66.21,31.17,,46.2,234.18,4.4,,75.32,96.45,58.38,199.8,1
M0007,Motor,Refinery-2, Night ,2026-02-04 23:08:00,68.11,31.95,116.17,58.04,218.02,5.34,1448.0,73.12,83.86,27.32,,0
M0050,motor,Plant-A,odd,2026-01-27 07:13:00,67.54,30.7,106.71,59.17,220.21,5.03,1365.0,63.16,73.79,57.5,326.1,0
M0031, Turbine ,Plant-A,Weekend,2026-02-21 02:23:00,61.24,21.64,112.01,57.82,,4.97,1434.0,73.5,73.25,48.9,333.5,0
M0015,MOTOR,PLANT-B,ODD,2026-03-30 12:33:00,69.06,35.79,130.28,47.26,220.69,4.53,,77.02,70.26,56.43,101.3,0
M0046,Compressor,Plant-B,ODD,2026/03/02 00:55:00,73.07,36.44,111.49,39.82,218.27,5.04,1643.0,74.79,93.64,69.84,292.0,0
M0036,MOTOR,Refinery-1, Odd ,2026-01-16 08:23:00,,,99.98,45.47,235.25,5.89,1685.0,?,79.39,57.46,267.0,0
M0008,Motor,REFINERY-2,Night,2026-03-20 21:34:00,,32.73,,47.7,223.7,5.28,1756.0,72.6,80.63,50.21,263.0,0
M0022,pump,Plant-A,Weekend,2026-01-28 17:21:00,,?,103.97,56.27,229.73,5.3,,68.08,77.07,57.82,124.9,1
M0005, pump ,Refinery-2, Day ,2026-01-05 14:19:00,90.67,16.36,111.95,37.34,228.41,5.08,1565.0,65.88,89.37,44.96,294.5,0
M0015,turbine,Refinery-1,Day,2026-03-02 00:36:00,75.44,30.02,,46.05,220.57,4.36,1459.0,89.98,77.52,64.34,71.3,1
M0019,Fan,Plant-B, Weekend ,2026-02-11 19:10:00,53.94,,104.47,56.05,229.85,,1615.0,,62.94,56.3,244.7,1
M0031,pump,Plant-A,Odd,2026-03-29 06:38:00,69.91,,,50.62,219.85,5.71,1285.0,78.47,,70.96,243.4,1
M0024,Turbine,Plant-A,ODD,2026-02-18 05:54:00,71.64,29.05,97.67,47.19,215.42,6.39,1538.0,81.45,73.56,48.53,206.0,0
M0051,Motor,Plant-A,Night,2026-03-04 14:32:00,54.34,34.77,107.9,50.56,204.26,6.43,1442.0,95.52,,50.69,87.8,0
M0014,Pump,Plant-A, Night ,2026-01-04 08:21:00,72.93,24.94,114.98,49.69,222.4,4.77,1482.0,92.42,83.69,59.57,204.3,1
M0006,TURBINE,REFINERY-1,NIGHT,2026-01-07 03:00:00,72.55,28.41,102.14,39.84,231.25,5.49,1704.0,72.89,78.3,59.53,273.5,0
M0047,Motor,Plant-C,odd,2026-03-26 03:01:00,59.58,,117.87,45.51,218.59,4.49,?,92.63,105.13,43.05,198.7,0
M0054,Pump,Plant-B,Odd,2026/02/24 18:41:00,62.49,22.79,122.11,51.71,218.86,5.22,1237.0,64.15,80.44,65.61,103.5,1
M0032,Turbine,Plant-C,Night,2026-02-25 23:49:00,220,100,3000,44.76,226.09,6.09,1450.0,76.45,77.68,57.43,122.2,0
M0015,Compressor,Plant-B,Day,2026-01-23 17:08:00,72.23,25.84,,47.79,225.16,5.66,1552.0,72.02,,66.04,?,1
M0060,compressor,Plant-C, Weekend ,2026-01-08 09:47:00,74.81,39.31,117.55,44.03,221.04,6.29,1578.0,72.32,88.62,?,185.7,1
M0020,Compressor, Refinery-1 ,ODD,2026-01-12 15:57:00,64.37,28.78,108.73,35.8,229.29,7.06,1535.0,73.81,88.92,72.81,278.5,0
M0038,Turbine,Plant-B,Odd,2026-02-09 13:26:00,60.53,,86.28,41.24,225.9,5.79,1482.0,90.71,71.39,55.86,155.2,0
M0045,Fan,Refinery-2,Day,2026-01-05 02:07:00,80.59,29.63,99.68,43.56,232.82,4.38,1519.0,76.03,73.96,60.52,373.9,1
M0040,MOTOR,Plant-A,Odd,2026-03-24 08:03:00,63.05,24.94,111.22,44.37,217.12,?,1592.0,72.65,87.7,58.08,243.0,0
M0044,Fan,plant-b,DAY,2026-03-31 22:53:00,60.81,27.92,122.11,42.97,217.46,6.17,1624.0,96.2,74.59,59.14,,0
M0015, Fan ,Plant-C, Night ,2026-03-19 17:08:00,,29.58,91.01,52.7,224.92,,1519.0,86.68,64.79,48.75,263.3,0
M0035,Fan,Refinery-1,Day,2026-02-26 05:29:00,62.48,20.42,94.86,59.52,223.86,6.33,1538.0,?,87.69,33.95,232.3,0
M0042,Compressor,REFINERY-2,odd,2026-01-02 13:38:00,72.21,36.56,112.84,59.94,229.87,5.3,1698.0,74.09,80.4,?,,1
M0025,Turbine, plant-b ,Day,2026-03-23 21:09:00,72.76,,112.56,50.55,215.11,5.6,1567.0,100.94,97.49,64.4,235.0,1
M0045, COMPRESSOR ,Plant-B,Day,2026-01-27 04:37:00,64.77,,,,221.64,4.54,1544.0,76.18,56.33,57.63,272.1,0
M0005,Pump,Refinery-1, Odd ,2026-01-10 01:29:00,68.31,,85.72,39.81,215.82,4.67,1599.0,77.19,92.78,64.78,284.3,1
M0053,Turbine,Plant-C,Day,2026-01-31 18:42:00,55.87,28.59,101.82,39.09,230.2,5.61,1676.0,,79.53,57.73,321.3,0
M0032,Fan,plant-b,night,2026-01-07 12:19:00,68.69,,,,234.36,4.59,1505.0,62.58,71.54,69.27,309.2,0
M0001,turbine, Plant-A ,Night,2026-01-25 09:19:00,67.28,26.12,105.38,52.68,238.75,5.67,1695.0,68.89,73.71,55.88,211.4,0
M0029,Compressor,Plant-B,Weekend,2026-02-05 13:03:00,64.51,30.38,121.84,54.08,225.65,5.18,1682.0,69.1,78.32,48.2,305.1,0
M0035,Pump,Plant-C,Night,2026-02-14 09:02:00,66.59,34.49,112.02,53.87,223.07,4.86,,69.07,80.24,50.92,225.8,1
M0008, Compressor , Refinery-1 ,Odd,2026-03-19 12:16:00,43.35,29.41,97.81,48.15,221.65,5.69,,65.89,77.93,62.63,149.0,0
M0021,Fan,Plant-A,ODD,2026-03-05 19:56:00,71.55,,119.93,62.74,223.01,5.46,1402.0,81.24,74.02,48.21,202.6,1
M0039,Motor, Refinery-1 , WEEKEND ,2026-01-30 13:00:00,,31.11,97.18,43.06,215.83,4.94,1579.0,55.88,79.44,71.64,287.3,1
M0007,PUMP,Plant-C,Weekend,2026-01-25 00:50:00,,26.44,94.96,40.42,236.79,4.73,1727.0,80.25,83.96,55.24,259.6,0
M0036,Motor,Plant-B,Night,2026-01-25 09:09:00,62.6,38.29,,45.57,,5.17,1762.0,61.02,86.22,76.64,221.8,0
M0056,Fan,refinery-1,Weekend,2026-01-13 15:20:00,59.83,21.27,98.77,,,5.41,,75.65,103.05,54.86,243.1,0
M0058,compressor,Plant-C,Day,2026-03-28 21:39:00,65.4,23.55,107.48,50.31,220.68,5.17,1566.0,,78.45,48.95,,0
M0024,Motor,Refinery-1,WEEKEND,2026-03-15 00:59:00,60.84,38.3,103.96,62.42,218.68,5.65,1542.0,71.72,87.59,55.31,60.3,0
M0021,Motor, Plant-A ,ODD,2026-01-21 14:29:00,64.91,,120.46,50.53,222.69,5.49,1479.0,76.47,62.69,67.78,213.7,0
M0031,Turbine,refinery-2,Weekend,2026-01-13 15:10:00,66.3,29.24,94.69,49.75,232.95,4.57,1505.0,61.18,91.3,57.17,169.0,0
M0032,Compressor,Plant-C,Night,2026-03-13 13:01:00,83.62,33.78,,54.8,242.11,4.22,1448.0,72.63,74.99,55.01,141.7,0
M0051, Compressor ,refinery-1,NIGHT,2026-02-20 17:08:00,61.5,,99.52,48.65,224.27,,1307.0,69.39,84.32,?,292.0,0
M0059,Turbine,Plant-C,Night,2026-02-20 23:20:00,46.16,40.34,102.8,53.19,236.66,5.38,1723.0,62.58,108.77,67.78,232.6,0
M0013,Motor,Refinery-2,Weekend,2026-02-01 15:53:00,68.23,23.33,112.4,45.36,215.3,4.88,1590.0,72.23,80.41,64.27,284.9,0
M0009,pump,Plant-C,NIGHT,2026-03-31 13:47:00,53.36,26.36,,47.25,226.22,4.8,1727.0,79.88,70.31,58.85,227.4,0
M0006,COMPRESSOR, Refinery-2 ,Odd,2026-03-30 03:01:00,61.32,22.72,110.57,44.26,233.79,4.42,1565.0,86.5,,76.16,194.5,1
M0043,pump,Refinery-1,Weekend,2026-03-27 22:31:00,,36.37,98.12,,222.97,6.15,1602.0,84.36,54.03,,244.6,0
M0037,Motor,refinery-1,ODD,2026-02-14 01:37:00,71.94,29.48,98.07,45.55,231.7,5.17,1424.0,58.15,89.98,53.08,239.8,0
M0014,Fan,PLANT-C,odd,2026-02-01 07:56:00,,24.11,114.9,58.17,226.49,4.3,1536.0,76.94,66.26,54.76,135.4,0
M0013,Motor,PLANT-B,odd,2026-02-20 06:18:00,62.19,45.05,97.29,,251.35,5.45,1384.0,83.43,69.08,66.18,207.3,0
M0033,Compressor,Refinery-1,Night,2026-01-18 20:49:00,54.99,29.46,,47.09,227.7,5.21,1642.0,81.63,82.01,45.7,327.4,0
M0003,Fan,Plant-A,Day,2026-01-25 20:26:00,66.63,33.62,98.81,54.97,217.75,4.86,,64.28,92.19,49.28,178.1,0
M0004,Pump, Plant-C ,night,2026-03-11 20:29:00,62.6,,106.78,,217.38,,1362.0,71.29,,,259.0,0
M0045,MOTOR,Refinery-1,ODD,2026-02-26 02:56:00,74.36,,105.41,62.86,222.68,5.86,1436.0,79.2,51.9,47.91,248.0,0
M0036,Turbine,REFINERY-2,Weekend,2026-01-09 01:21:00,65.58,37.1,116.31,47.06,229.44,5.45,1485.0,81.16,102.35,62.25,254.0,0
M0058,MOTOR, Refinery-1 ,ODD,2026-03-23 13:25:00,69.35,27.62,120.4,45.76,233.41,6.27,1447.0,73.07,84.66,50.28,236.2,0
M0055,Compressor, Refinery-2 ,night,2026-01-15 11:10:00,66.15,25.62,102.2,44.01,238.03,5.21,1571.0,70.17,79.81,47.06,209.8,0
M0032,Compressor, Refinery-2 ,Odd,2026-03-04 20:19:00,62.08,41.84,103.43,59.35,238.57,4.59,1491.0,64.67,65.24,,208.2,0
M0046,PUMP,Refinery-1,Weekend,2026-01-20 00:52:00,54.26,,,47.16,221.3,5.94,1545.0,75.79,74.71,62.17,301.0,0
M0002,Compressor,REFINERY-2, Weekend ,2026-03-01 11:34:00,61.53,36.54,103.38,,226.63,4.36,1539.0,62.64,78.7,,,0
M0042,Turbine,refinery-2,Night,2026-03-25 00:26:00,60.34,13.39,107.41,55.67,217.71,4.92,,57.5,64.14,55.95,174.9,0
M0042,fan,Plant-C,Weekend,2026-02-15 19:41:00,76.56,34.52,,34.7,233.63,5.27,1460.0,86.74,69.66,54.18,251.5,0
M0035,Fan,Refinery-1,DAY,2026-01-05 20:19:00,150,100,2000,52.46,223.77,5.83,1454.0,,85.34,54.4,270.4,0
M0060,fan,Plant-A,Weekend,2026-02-07 23:38:00,65.94,11.9,101.08,52.37,228.72,5.78,,,64.01,,144.3,0
M0034,MOTOR,Refinery-1,night,2026-03-27 23:10:00,50.3,25.19,97.51,44.59,232.76,4.47,1586.0,76.58,91.53,56.8,267.5,0
M0028,Motor,Plant-B,Weekend,2026-01-05 01:48:00,59.77,21.01,,52.95,,7.07,1589.0,61.98,77.65,49.23,196.2,0
M0027,Fan,PLANT-B,Odd,2026-02-15 16:36:00,63.24,39.18,100.22,52.74,,4.83,1453.0,71.46,74.09,44.88,180.9,0
M0018,Compressor, Refinery-1 ,Night,2026-03-26 18:18:00,70.34,19.28,116.17,46.79,230.73,4.62,1407.0,94.76,68.52,68.31,227.1,1
M0055,Compressor,Refinery-2,Weekend,2026-03-19 10:42:00,55.67,41.09,104.83,49.43,221.76,5.91,,59.55,71.86,69.94,269.9,0
M0018,TURBINE,Refinery-1,Odd,2026-03-03 06:41:00,,27.11,114.6,49.7,239.37,5.6,1500.0,77.4,75.75,65.73,140.1,0
M0042,Compressor,Refinery-1,night,2026-01-25 04:40:00,61.7,30.2,107.31,44.48,232.21,4.83,1445.0,69.58,92.9,56.8,178.3,1
M0015,PUMP,Refinery-1,Night,2026-01-02 13:21:00,62.7,33.19,,36.95,219.03,4.29,1579.0,80.03,83.08,50.91,234.8,1
M0020,Pump,Plant-A,NIGHT,2026-03-23 23:16:00,61.72,40.54,93.38,46.05,217.76,4.86,1673.0,89.78,71.59,51.49,150.6,0
M0050,PUMP,Plant-B,odd,2026-03-21 15:16:00,62.66,29.23,95.47,43.21,237.05,4.61,1679.0,70.64,79.69,63.06,184.1,0
M0016,Fan,Plant-A,Day,2026-01-13 03:28:00,67.49,28.3,110.25,51.57,220.67,4.04,1566.0,65.47,,62.31,305.0,0
M0057,Fan,Plant-A,ODD,2026-03-18 08:39:00,67.77,31.61,103.1,48.71,223.12,4.53,1808.0,72.8,87.16,54.99,198.7,0
M0059,Fan,Plant-B,NIGHT,2026-01-09 10:54:00,63.83,21.74,91.36,,214.92,5.44,1563.0,78.77,85.66,49.6,161.5,0
M0051,Compressor,refinery-2,Day,2026-03-05 21:19:00,63.48,36.91,100.68,64.49,241.98,5.37,1616.0,86.92,65.75,46.19,295.4,0
M0043, Turbine ,Plant-B,Weekend,2026-03-03 07:32:00,51.46,27.67,97.58,,225.11,5.06,1673.0,63.99,67.51,48.78,198.4,0
M0006,Fan,PLANT-C,weekend,2026-01-18 20:11:00,58.5,34.55,99.2,,225.49,6.11,1411.0,60.24,72.61,45.54,137.0,0
M0050,Turbine,REFINERY-2, weekend ,2026-03-31 02:52:00,60.83,25.54,112.41,54.02,213.72,4.52,1245.0,80.95,,56.54,118.5,0
M0037,Fan,Plant-B,Day,2026-02-05 17:49:00,49.37,40.42,99.62,38.54,232.19,?,1680.0,67.67,73.51,61.1,,0
M0016,compressor,Plant-C,Odd,2026-01-31 10:06:00,67.54,27.63,88.33,,227.68,5.61,,53.07,61.5,76.47,,1
M0021,Motor,Plant-C,Weekend,2026-01-19 05:13:00,71.11,32.93,94.31,51.5,225.06,4.69,1592.0,76.46,79.13,57.38,214.6,1
M0024,Turbine,Plant-B,Odd,2026-03-25 05:07:00,?,37.29,100.49,51.36,210.09,5.26,1454.0,73.14,59.78,61.64,118.2,0
M0058,Pump,refinery-2,Day,2026-02-07 07:08:00,72.56,35.49,107.15,50.92,229.21,5.38,1614.0,,90.11,,,0
M0060,Turbine,Refinery-2,Day,2026-03-13 01:54:00,,33.33,101.84,50.81,219.94,5.96,,88.8,75.1,49.42,296.6,1
M0026,Turbine,Refinery-2,Day,2026-03-22 14:36:00,76.31,33.7,129.8,44.87,217.08,5.93,1406.0,73.03,79.21,67.32,256.9,0
M0005,Compressor,plant-a, Night ,2026-01-10 17:20:00,74.98,,92.92,59.36,224.61,4.16,1635.0,85.26,50.89,50.58,213.4,0
M0019,Turbine, Plant-B ,day,2026-02-18 23:23:00,52.82,37.51,118.21,,219.5,4.71,1524.0,62.05,68.46,63.8,259.0,0
M0007,Motor,Refinery-1, NIGHT ,2026-02-26 10:18:00,68.14,28.94,97.64,,227.8,,1526.0,57.57,80.42,56.21,,0
M0023,turbine,refinery-2,Night,2026-01-19 12:52:00,55.1,25.91,103.4,48.63,239.69,5.34,1356.0,79.18,86.55,56.87,147.2,0
M0026,Pump,refinery-1,Odd,2026-03-10 02:35:00,67.94,19.79,109.97,44.26,235.24,4.99,1415.0,75.76,69.01,69.42,220.0,0
M0018,Turbine,Plant-A,Day,2026-02-17 08:34:00,,21.86,98.27,50.73,228.62,5.14,1579.0,75.78,78.04,55.33,194.4,0
M0046,Fan,plant-b, Night ,2026-01-10 22:29:00,66.49,25.98,103.33,?,235.49,5.08,1568.0,80.74,71.11,59.74,236.5,0
M0040,Pump,Plant-B,Weekend,2026-01-03 07:12:00,74.05,28.16,95.07,47.8,230.7,5.44,1598.0,72.86,75.51,56.38,263.5,0
M0033,Turbine,Refinery-1,ODD,2026-03-13 10:21:00,73.9,26.41,110.66,,213.82,5.51,1380.0,81.28,73.91,58.08,142.3,0
M0038,Turbine,Plant-C,odd,2026-01-23 06:05:00,69.35,28.69,107.38,,231.92,4.49,1819.0,97.38,99.59,69.48,214.9,1
M0019,Turbine,Refinery-2,Night,2026-02-24 18:29:00,66.91,28.0,113.38,41.13,218.94,3.77,,92.98,105.0,58.83,170.6,0
M0028,Pump,Refinery-1,Odd,2026-01-03 00:46:00,150,120,3000,50.19,240.39,4.02,,89.57,70.58,,239.9,1
M0053,Compressor,Plant-A,Weekend,2026-01-05 13:17:00,61.17,36.95,101.07,54.42,226.44,5.65,1563.0,58.37,92.11,57.21,267.4,0
M0011,Pump,REFINERY-2,Odd,2026-03-23 12:03:00,69.25,30.28,106.25,62.06,234.61,5.25,1575.0,67.98,77.92,60.78,271.0,1
M0020,Turbine,Plant-B,weekend,2026-03-30 04:05:00,73.53,26.94,94.7,53.53,222.77,5.4,1639.0,69.34,66.61,,188.0,0
M0036,Pump,plant-a,Day,2026-03-02 12:06:00,51.93,31.22,125.44,40.99,225.24,5.06,,76.94,,58.76,296.6,1
M0003,motor,plant-c,Night,2026-01-19 21:36:00,65.28,31.26,97.46,39.86,215.99,5.23,1514.0,60.31,,55.13,149.6,1
M0028,Turbine,Refinery-1,odd,2026-01-02 21:06:00,64.57,44.85,103.05,53.89,230.17,,1584.0,76.94,,52.82,239.5,0
M0044,Motor,Refinery-1,ODD,2026-01-19 06:24:00,66.97,28.17,114.43,59.5,216.72,4.99,1659.0,73.7,74.08,67.09,286.2,0
M0007,Compressor,Refinery-2,Night,2026-03-19 23:20:00,50.58,30.19,121.4,61.71,210.55,5.38,,63.07,78.64,69.05,256.0,0
M0034,MOTOR,Plant-C, Weekend ,2026-01-20 02:59:00,71.61,26.66,104.41,?,216.18,6.28,1389.0,71.55,68.6,,189.8,0
M0054,Pump,Plant-C,ODD,2026-01-17 01:50:00,60.42,22.89,?,59.8,226.45,,1460.0,85.48,72.17,60.03,233.0,0
M0047,Fan,REFINERY-2,Odd,2026-02-23 18:33:00,76.76,30.18,92.64,41.63,226.11,4.52,1362.0,81.36,,,237.6,0
M0039, pump ,Refinery-2,Odd,2026-01-16 11:30:00,64.05,28.81,76.5,47.71,214.17,5.33,1568.0,,96.76,57.76,356.8,0
M0034,Compressor,Plant-C,Weekend,2026-03-20 04:26:00,53.89,22.72,105.09,58.42,220.18,4.91,1524.0,80.73,74.27,53.2,139.3,0
M0017,Pump,Plant-B,Odd,2026-02-17 19:44:00,70.62,37.87,98.38,52.23,215.51,5.6,1547.0,77.81,78.24,55.74,167.9,1
M0024,Motor,Plant-C, Night ,2026-02-27 09:46:00,50.41,29.99,124.7,45.11,,4.91,1556.0,87.15,75.85,,305.1,0
M0051, PUMP ,Plant-A,Weekend,2026-02-14 20:41:00,,33.71,93.48,52.1,226.09,,1602.0,76.58,47.48,55.09,245.5,0
M0007,Turbine,PLANT-A,night,2026-03-01 01:48:00,71.14,34.9,103.09,47.54,234.07,6.2,1460.0,72.37,84.21,62.38,188.7,0
M0027,Motor,PLANT-A,Weekend,2026-01-29 07:45:00,,,112.0,37.52,230.48,4.2,,63.37,97.17,47.59,121.0,0
M0028,TURBINE,Plant-A, Weekend ,2026-02-09 14:02:00,74.87,,93.1,46.32,240.47,4.35,1412.0,84.43,74.83,47.36,311.7,0
M0008,FAN,plant-c,ODD,2026-03-21 11:37:00,56.73,31.57,91.5,,,4.9,1541.0,64.84,98.88,,,0
M0017,Turbine,Plant-B,Odd,2026-03-03 06:43:00,81.88,20.84,90.73,53.96,238.0,5.31,1669.0,55.04,74.01,41.13,266.8,0
M0009,Turbine,PLANT-B, Night ,2026-02-06 23:46:00,70.52,29.99,100.17,47.94,219.48,5.73,1379.0,,76.05,72.52,283.3,0
M0014,Pump,Plant-A,weekend,2026-01-05 04:38:00,75.39,35.73,91.49,56.04,,4.2,1301.0,85.38,,46.43,207.5,1
M0058,Turbine,PLANT-B,Day,2026-02-13 06:55:00,78.17,30.36,107.07,35.92,220.22,5.48,1573.0,53.46,82.49,61.3,297.0,0
M0029,Pump,Plant-A,Day,2026-03-11 17:35:00,65.83,23.29,106.01,41.98,234.49,6.84,,68.65,49.6,42.84,313.3,0
M0050,Turbine,refinery-2,weekend,2026-03-23 20:10:00,56.43,33.15,97.77,52.77,230.51,5.23,1838.0,,94.13,64.88,,0
M0015,Motor,Refinery-1,ODD,2026-02-08 16:32:00,54.63,28.05,95.6,53.27,228.62,4.92,1788.0,67.65,78.57,63.75,273.5,0
M0003,Pump,Plant-A,day,2026-02-13 21:57:00,61.56,23.56,99.78,,219.54,4.76,1517.0,72.17,102.49,54.45,,1
M0048,PUMP,Plant-B,Weekend,2026-02-27 19:39:00,76.64,32.75,97.4,51.11,218.38,5.45,1611.0,61.33,82.1,,252.7,0
M0032,turbine,plant-a,Night,2026-03-01 02:25:00,56.76,32.46,99.43,49.77,229.76,5.77,1561.0,66.86,74.5,63.73,158.7,1
M0047,Fan,Plant-B,Weekend,2026-01-07 06:56:00,66.98,30.57,103.2,42.42,228.38,5.48,1574.0,76.11,100.15,,296.9,0
M0014,Pump,Plant-A,Day,2026-02-13 01:10:00,83.86,31.4,104.38,58.34,222.08,5.8,1349.0,70.46,92.59,72.13,173.6,0
M0040,Motor,PLANT-C,Weekend,2026-02-28 03:21:00,56.53,31.54,95.4,47.83,239.43,4.92,1515.0,65.57,93.75,28.63,193.4,0
M0027,Compressor,Refinery-2,Weekend,2026-01-26 03:33:00,63.13,25.38,92.85,44.28,215.8,4.95,1601.0,76.21,103.69,38.11,248.2,0
M0049,pump,Plant-C,Night,2026-01-03 06:32:00,90.87,37.32,99.35,54.41,230.39,4.64,1398.0,74.37,89.69,43.49,,0
M0046,Turbine,Refinery-1,Weekend,2026-02-27 21:04:00,62.46,36.62,103.2,43.25,211.5,5.1,1397.0,61.5,86.33,42.0,304.7,0
M0056,Motor,plant-c,Odd,2026-02-17 08:38:00,64.09,,108.85,49.54,219.97,5.23,1534.0,73.46,75.05,46.26,224.5,1
M0007,Compressor,Plant-B, Night ,2026-01-15 21:22:00,78.42,34.24,108.57,36.96,226.25,4.87,1451.0,76.55,,65.82,103.8,0
M0009,Pump,Plant-A,Odd,2026-01-06 03:50:00,77.72,32.49,101.17,51.02,216.79,4.94,1511.0,62.53,84.65,53.45,,0
M0014,fan,Refinery-2,WEEKEND,2026-02-11 01:58:00,59.59,28.95,124.81,51.76,231.95,5.52,1582.0,76.09,90.77,64.47,235.8,1
M0027,Motor,Refinery-1, weekend ,2026-03-04 08:11:00,58.22,35.3,99.65,54.58,214.37,4.12,1522.0,59.31,98.22,44.23,,0
M0045,Turbine,Plant-B,Day,2026-03-21 04:07:00,70.99,22.99,125.18,44.69,224.93,4.5,1394.0,66.26,68.35,54.27,161.3,0
M0056,Motor,PLANT-B,Night,2026-03-28 22:06:00,60.49,25.05,96.14,53.22,222.7,?,1700.0,88.09,88.06,54.2,255.9,1
M0058,fan,plant-a,DAY,2026-01-17 17:07:00,66.35,36.81,98.28,48.12,214.57,4.97,,82.78,76.82,52.49,217.4,0
M0056,Motor,REFINERY-1, day ,2026-01-24 19:34:00,79.81,36.43,94.39,35.85,218.96,4.47,1769.0,74.9,91.2,55.43,209.2,0
M0001,PUMP,Plant-B,Odd,2026-01-04 10:31:00,70.11,28.61,114.49,,220.97,5.32,1386.0,77.33,61.49,48.75,,1
M0053,Motor,Plant-A,night,2026-03-04 09:50:00,58.45,27.22,110.99,58.0,246.62,4.92,1500.0,80.89,71.81,56.73,195.1,0
M0032,Motor, PLANT-B , Weekend ,2026-01-05 01:05:00,61.2,35.74,111.73,54.5,237.33,4.98,1710.0,64.56,67.03,64.77,,0
M0047,MOTOR, PLANT-B ,Odd,2026-02-05 23:02:00,61.22,19.76,?,,231.69,5.26,1664.0,82.31,93.36,66.86,314.2,1
M0011,Pump,Refinery-2,Odd,2026-02-19 18:40:00,68.77,29.42,114.35,30.94,226.52,5.92,1774.0,82.32,,59.52,220.2,1
M0026, turbine , Plant-B ,Weekend,2026-03-06 07:19:00,54.7,35.73,91.25,53.83,237.94,,1638.0,82.09,107.02,36.99,,1
M0010,MOTOR,Plant-B,Odd,2026-02-01 03:23:00,51.4,29.97,133.99,58.86,,5.45,,61.32,96.44,56.49,214.6,0
M0028,Compressor,Refinery-1,WEEKEND,2026-03-07 16:51:00,61.5,35.74,104.38,62.03,,6.04,,74.68,86.51,60.35,241.4,0
M0038,Turbine,plant-c, Night ,2026-02-21 22:45:00,58.43,17.71,,46.24,210.93,,1697.0,62.37,108.03,50.46,225.2,0
M0001,Pump,PLANT-B,ODD,2026-01-31 07:16:00,51.92,25.18,104.97,53.12,,6.11,1636.0,81.45,65.25,,171.8,0
M0021,MOTOR,Plant-B,Day,2026-02-03 14:33:00,74.46,27.15,110.21,48.48,226.94,4.51,1624.0,58.59,58.04,56.9,207.3,1
M0060,Fan,Refinery-1,DAY,2026-01-16 22:19:00,65.16,33.49,92.54,49.92,214.27,5.43,1324.0,78.48,62.37,54.55,273.7,1
M0021,Fan,Refinery-1,ODD,2026-03-15 03:21:00,54.43,24.93,?,49.18,249.52,4.39,1534.0,60.76,75.35,54.88,270.7,0
M0017,TURBINE,Plant-C,Weekend,2026-01-01 19:42:00,75.53,28.87,94.77,49.88,,5.01,,80.64,85.97,54.88,120.8,0
M0009, Motor ,REFINERY-1,Night,2026-03-29 17:55:00,66.85,34.08,,55.78,210.66,4.57,1302.0,66.03,98.1,76.52,,0
M0057,COMPRESSOR,PLANT-C,day,2026-01-28 04:23:00,63.99,29.75,?,46.16,214.41,5.35,1679.0,,78.84,44.96,,0
M0041, MOTOR ,Plant-C,night,2026-01-09 03:33:00,57.48,33.42,,,222.16,5.97,1550.0,76.28,61.55,63.8,204.4,0
M0009,Pump, Refinery-2 ,Day,2026-02-23 05:08:00,61.93,37.02,100.49,48.84,233.34,5.68,1672.0,47.27,100.8,63.73,,0
M0048,PUMP,Refinery-2,Odd,2026-01-10 08:33:00,,17.16,103.52,,223.96,4.8,1547.0,64.61,64.63,69.0,,1
M0042,Motor,Refinery-2,odd,2026-01-07 15:52:00,65.68,36.75,103.17,51.23,232.19,4.32,1515.0,83.29,80.79,71.21,125.4,1
M0051,compressor,Plant-A,Weekend,2026-02-10 17:24:00,60.63,37.49,99.61,47.96,212.27,4.77,1611.0,78.21,,,345.3,0
M0051,Fan,PLANT-A,Odd,2026-03-05 12:33:00,58.96,33.12,103.98,,215.55,5.19,1670.0,75.2,,46.77,171.4,0
M0052,Motor,Plant-B,Odd,2026-01-20 01:04:00,,32.15,87.49,42.14,204.91,6.24,1733.0,78.93,81.62,44.04,206.8,0
M0053, Compressor ,Refinery-1,Day,2026-02-24 10:01:00,73.5,27.86,135.45,46.05,217.77,,1524.0,57.8,83.53,40.85,229.7,0
M0002,Motor,Plant-B,Night,2026-01-12 07:37:00,62.07,25.19,113.0,38.53,214.27,4.85,1631.0,87.33,96.57,62.77,215.0,1
M0044,Turbine,refinery-1,Weekend,2026-01-02 23:04:00,63.43,45.71,106.82,53.15,,5.81,1641.0,82.67,82.58,67.31,296.3,0
M0055,Motor,Refinery-2,Night,2026-03-02 11:12:00,62.25,29.6,104.4,46.87,218.81,,1297.0,72.94,74.37,61.77,132.7,0
M0016,motor,PLANT-C,Odd,2026-01-26 10:57:00,48.87,25.4,110.28,56.1,220.3,5.17,1442.0,63.56,92.44,53.01,75.2,1
M0003,Motor,Plant-C,Night,2026-01-16 16:54:00,68.68,30.97,,50.05,217.46,5.17,,79.35,80.32,46.66,121.9,0
M0051,Turbine, Plant-A ,Night,2026-03-13 14:48:00,64.59,37.01,81.53,50.21,224.36,4.38,1630.0,67.75,75.72,74.64,280.6,0
M0040,pump,Plant-B,weekend,2026-01-08 15:04:00,60.13,33.8,100.02,46.97,220.74,5.88,1516.0,88.72,101.4,51.35,44.7,0
M0054,FAN,REFINERY-2,Night,2026-03-06 12:53:00,62.91,31.05,110.84,47.31,215.92,4.72,1521.0,81.62,95.11,45.8,184.2,0
M0032,PUMP, Plant-B ,Weekend,2026-03-14 10:04:00,70.36,32.41,104.65,47.56,231.65,5.9,1680.0,63.15,,54.78,174.7,0
M0050, Motor ,Refinery-1,Weekend,2026-02-12 05:46:00,53.78,28.92,98.0,43.17,221.11,6.26,1567.0,67.08,58.06,42.51,187.8,1
M0054,Motor,refinery-1,Weekend,2026-03-27 10:02:00,65.35,29.26,120.93,49.89,228.2,4.75,1385.0,68.9,106.24,63.7,?,0
M0030,fan,Plant-B,DAY,2026-02-27 02:21:00,63.42,33.34,97.99,53.76,220.94,5.48,1595.0,75.69,89.53,43.87,156.1,0
M0014,COMPRESSOR,Plant-C,ODD,2026-02-11 00:57:00,51.26,28.04,81.62,,229.78,4.82,1416.0,85.28,66.64,48.84,174.0,0
M0057,PUMP,Plant-C,Weekend,2026-03-18 08:15:00,78.72,19.65,92.12,44.46,231.13,5.08,1463.0,82.17,91.48,57.83,171.0,0
M0021,Fan,Refinery-1,Odd,2026-01-31 17:41:00,,29.41,102.41,52.06,229.17,5.89,1587.0,70.37,76.08,46.09,319.7,0
M0020, Fan ,Plant-B,Odd,2026-03-01 20:33:00,55.74,28.89,110.88,46.51,222.4,5.1,1803.0,,?,55.72,,0
M0034,Pump,Refinery-1,Night,2026-01-05 00:09:00,67.38,22.91,115.46,51.07,235.8,,1422.0,,88.04,53.07,133.5,0
M0024,Fan,Plant-C, NIGHT ,2026-03-17 05:42:00,?,?,103.89,53.61,223.28,4.6,1673.0,82.3,67.51,,162.9,0
M0009,Pump,Plant-B,Night,2026-03-01 12:55:00,71.52,16.01,99.41,48.8,238.94,4.5,1630.0,85.57,71.34,54.64,228.5,0
M0056, Fan , Plant-A ,Night,2026-03-27 01:01:00,62.39,30.36,87.32,53.46,235.3,5.55,1468.0,,83.6,56.62,246.6,0
M0015,Fan,Plant-A,Odd,2026-02-06 03:50:00,62.42,33.04,111.79,41.28,217.61,,1584.0,69.19,78.48,67.78,276.1,1
M0012,COMPRESSOR,Refinery-2,Weekend,2026-03-11 02:33:00,56.93,40.63,113.48,59.85,226.99,5.95,1448.0,76.63,83.44,70.44,239.1,1
M0023,MOTOR,Refinery-1,Day,2026-03-24 21:02:00,54.72,35.74,80.55,45.9,225.18,4.73,1495.0,93.39,93.25,51.83,191.8,0
M0018,Turbine,Refinery-1,Odd,2026-01-15 20:15:00,60.68,34.14,90.44,46.77,215.33,4.84,1700.0,68.88,88.62,71.66,218.3,0
M0032,Fan,Refinery-1,Odd,2026-03-13 16:59:00,64.47,31.08,99.77,57.1,227.75,5.55,1569.0,80.24,85.5,49.65,242.4,0
M0032,Turbine,plant-c,Night,2026-01-11 14:49:00,83.56,40.78,95.22,51.05,213.28,4.41,1406.0,72.75,,60.27,259.8,1
M0053,fan,Refinery-1,Odd,2026-03-18 18:19:00,57.36,30.46,110.53,50.81,227.89,4.4,1616.0,,84.19,66.28,260.1,1
M0050,Pump,Refinery-2,Night,2026-02-16 15:53:00,,36.13,79.63,,?,,1560.0,82.63,59.4,58.65,223.9,0
M0053,Motor,PLANT-B,Night,2026-02-21 21:46:00,58.94,30.93,107.4,46.1,223.85,6.5,1804.0,,,48.47,283.4,1
M0041,Fan,Refinery-1,Odd,2026-03-02 05:37:00,45.55,,99.92,55.53,,4.78,1494.0,72.65,97.83,50.6,176.8,0
M0013,Pump,Plant-A,Night,2026-02-07 23:54:00,55.89,32.11,107.05,50.97,219.53,5.91,1796.0,63.9,88.65,,260.1,1
M0057,Compressor,Plant-B,Weekend,2026-01-10 04:19:00,57.65,28.4,102.65,46.23,,4.79,1716.0,71.19,78.76,59.26,,0
M0003,Turbine,Refinery-2, Weekend ,2026-03-25 19:55:00,63.68,17.95,101.26,52.6,238.96,5.54,1685.0,62.91,78.48,68.99,166.7,0
M0051, Pump ,Plant-B,Night,2026-03-12 03:28:00,53.27,30.51,87.53,47.73,220.93,5.5,1787.0,55.55,107.29,55.9,240.9,0
M0031,TURBINE, Refinery-1 ,night,2026-01-15 00:50:00,65.79,30.42,78.7,48.7,214.09,6.18,1740.0,83.52,77.14,48.93,180.5,0
M0004,Motor,Plant-A,ODD,2026-01-13 08:18:00,63.55,24.22,94.98,62.87,239.99,5.2,1583.0,65.19,87.71,73.84,128.2,0
M0053,Compressor, Refinery-1 ,weekend,2026-01-21 04:30:00,58.26,31.88,109.18,56.86,218.14,4.85,1736.0,73.36,80.36,56.42,288.0,1
M0029,motor,Plant-B,Weekend,2026-03-01 17:24:00,85.92,,119.33,50.12,215.07,,1550.0,64.41,83.75,66.62,234.3,0
M0060,turbine,Plant-A, Odd ,2026-01-17 18:47:00,53.36,32.58,94.25,49.56,249.24,5.38,1446.0,,73.8,49.35,346.2,0
M0039, MOTOR ,Plant-A,Day,2026-01-23 21:01:00,55.16,31.68,119.32,45.47,219.18,5.93,,70.89,75.52,57.42,125.6,1
M0029,TURBINE,Refinery-2,Night,2026-02-11 11:50:00,71.29,37.57,113.8,49.78,218.33,4.69,1468.0,77.57,86.24,45.27,189.8,0
M0028,Compressor,Plant-C,Weekend,2026-01-31 07:43:00,54.45,27.91,121.65,40.35,222.74,6.48,1598.0,71.32,?,61.86,321.7,0
M0041, Compressor ,Plant-C,Day,2026-03-09 10:53:00,61.59,43.27,114.32,49.1,250.59,4.65,1689.0,59.67,77.07,45.87,235.4,1
M0003,Pump,Refinery-2, Night ,2026-01-29 21:53:00,67.64,28.22,102.26,49.34,229.41,4.86,1457.0,79.32,43.69,,150.9,1
M0004,Fan,Plant-A,Weekend,2026-02-08 21:45:00,67.45,21.43,112.6,55.35,232.8,5.38,1626.0,96.85,76.38,48.59,128.0,0
M0008,Fan,Plant-B,odd,2026-01-03 09:45:00,58.27,30.63,82.29,47.88,222.09,,1483.0,65.04,58.14,59.3,202.0,0
M0001,Fan,plant-b,Night,2026-03-30 17:53:00,67.64,,?,,,5.93,1489.0,77.65,82.71,68.42,212.0,1
M0016,Compressor,REFINERY-1,Weekend,2026-03-13 19:46:00,75.68,28.46,101.09,49.1,217.17,,1415.0,85.25,86.52,70.87,122.2,0
M0018,Turbine,Plant-C,Day,2026-01-18 23:46:00,55.04,32.79,101.3,46.09,216.17,5.77,1604.0,80.01,72.4,59.59,139.7,0
M0010,Turbine,Refinery-2,Day,2026-03-26 20:43:00,59.73,34.35,88.94,56.23,225.31,5.07,1352.0,65.2,,56.12,236.7,1
M0005,Compressor,plant-c,Weekend,2026-01-26 19:15:00,55.76,33.93,112.08,46.43,215.26,4.02,1476.0,80.26,67.07,58.87,131.4,1
M0030,Pump,REFINERY-1,Day,2026-02-24 19:00:00,76.98,24.86,110.03,,228.6,4.38,1436.0,,70.34,66.78,194.2,1
M0060,Pump,Plant-C,Night,2026-02-11 01:35:00,62.39,32.77,104.24,38.39,216.51,5.83,1560.0,58.18,84.23,?,167.5,0
M0051,Turbine,Plant-A,Odd,2026-01-24 16:06:00,60.89,34.17,86.6,52.34,221.7,5.89,1544.0,87.49,86.09,56.85,267.3,0
M0040,turbine,Plant-A,DAY,2026-02-21 23:09:00,57.02,37.29,102.57,,236.31,5.55,,62.76,93.9,58.15,127.1,1
M0051,Pump,Refinery-2,Night,2026-01-27 03:22:00,68.2,31.68,106.23,69.37,232.29,?,1594.0,67.08,85.36,45.62,153.5,0
M0035,TURBINE,plant-c,Odd,2026-01-02 01:37:00,68.87,29.41,96.8,52.65,,6.31,?,69.05,88.75,60.77,298.6,0
M0002,Fan,Plant-C,Odd,2026-01-11 02:22:00,68.01,27.08,?,52.66,220.52,6.0,1619.0,66.08,102.59,58.88,154.4,0
M0052,Motor, Refinery-2 ,Odd,2026/01/22 16:06:00,62.49,32.86,98.5,40.78,234.18,4.93,1552.0,68.9,95.32,65.68,205.6,0
M0054,TURBINE,Plant-B,Weekend,2026-01-20 08:54:00,61.71,30.05,104.96,43.6,228.51,4.21,1760.0,82.93,87.67,42.37,,0
M0001,Turbine,Refinery-2,night,2026-02-06 07:41:00,65.81,29.91,93.74,45.3,,4.36,1489.0,64.19,86.93,63.95,142.4,0
M0049,PUMP, Plant-A ,Day,2026-03-22 12:18:00,54.45,37.46,115.66,42.69,222.59,5.06,1411.0,56.33,71.95,54.79,133.5,0
M0021,Turbine,Plant-C,Weekend,2026-03-27 15:37:00,55.27,21.48,101.45,?,229.17,4.95,1474.0,67.42,83.16,58.38,232.1,0
M0053,Turbine,Refinery-1,NIGHT,2026-02-22 13:02:00,63.12,34.89,123.11,59.85,223.91,5.17,1555.0,76.47,,66.43,232.4,0
M0016,Motor,Plant-A,ODD,2026-03-26 16:12:00,58.62,34.01,104.96,,223.01,,1744.0,64.0,88.24,62.72,125.3,1
M0057,Turbine, refinery-2 ,Weekend,2026-02-06 10:28:00,55.31,27.57,98.62,43.1,225.28,3.66,1512.0,74.1,63.69,71.62,184.3,0
M0004,Motor,Plant-A,odd,2026-01-30 01:12:00,67.34,20.74,88.75,51.35,216.09,5.2,1566.0,76.83,69.15,66.09,214.6,0
M0044, Compressor ,plant-a,Odd,2026-02-04 10:14:00,,36.33,98.88,45.97,218.23,4.52,1613.0,73.65,80.66,69.47,299.9,0
M0048, Compressor ,Plant-C,odd,2026-02-02 21:05:00,71.21,37.66,104.73,47.86,228.48,5.19,1420.0,68.47,76.44,60.23,220.6,1
M0005,Pump,Plant-C,Odd,2026-01-11 09:58:00,61.21,28.86,90.76,59.4,222.78,,1700.0,69.96,84.02,65.57,248.4,0
M0011, Turbine ,Plant-B,Night,2026-01-18 22:19:00,72.57,27.42,93.91,39.89,227.17,4.76,1693.0,68.2,69.19,60.1,178.8,0
M0050,Motor,PLANT-B, Odd ,2026-03-11 12:07:00,62.51,32.77,101.24,61.53,241.14,5.72,1734.0,59.61,62.94,55.11,222.5,1
M0030,Pump,Plant-B,Odd,2026-02-06 15:19:00,62.91,26.99,105.7,57.73,218.57,5.85,1562.0,98.26,83.83,57.13,,1
M0040,compressor,PLANT-A,Odd,2026-02-18 07:35:00,65.46,24.6,107.68,51.83,223.67,6.65,1533.0,72.21,74.93,49.26,261.2,0
M0005,Motor,Plant-B,ODD,2026-01-06 23:20:00,64.91,39.26,105.03,45.46,229.7,4.71,1614.0,79.14,77.73,63.09,130.7,0
M0006,Motor,Plant-B,ODD,2026-03-27 06:57:00,67.69,32.55,115.94,50.39,218.47,5.11,1640.0,57.13,58.63,66.26,311.2,1
M0043,PUMP,PLANT-C,Day,2026-02-09 09:15:00,63.97,35.02,95.67,40.22,,5.24,1401.0,61.12,82.19,51.18,132.8,0
M0034,Compressor,plant-c,Weekend,2026-02-24 00:28:00,66.88,29.88,112.44,57.47,228.67,5.72,1507.0,103.23,65.37,53.25,274.1,0
M0003,Motor,Plant-A,DAY,2026-03-08 08:18:00,64.54,28.92,?,56.93,226.2,4.43,1562.0,101.11,99.75,31.23,223.8,0
M0057,Pump,Refinery-1,Weekend,2026-01-01 19:42:00,59.52,,99.18,?,231.27,6.57,1718.0,76.88,69.3,72.62,,0
M0046,PUMP,plant-b,Day,2026-01-04 01:59:00,76.12,25.32,105.89,56.71,218.79,5.19,1545.0,61.89,82.02,58.28,253.3,1
M0001,COMPRESSOR,Refinery-1,Odd,2026-03-28 21:43:00,67.3,32.42,107.16,52.83,229.24,5.04,1559.0,92.43,81.7,58.38,226.2,1
M0026,COMPRESSOR,Refinery-1,Day,2026-01-10 00:22:00,53.81,36.27,104.43,,226.43,4.96,1483.0,67.62,78.47,53.63,108.6,0
M0041,Motor,Refinery-1,Odd,2026-02-17 12:39:00,,29.45,113.88,38.36,224.95,4.63,1423.0,77.61,73.46,47.05,299.5,0
M0043,compressor,Plant-B, Odd ,2026-03-10 08:02:00,82.93,28.69,110.5,46.98,225.68,4.3,1549.0,75.44,?,41.84,203.1,0
M0023,Compressor,Plant-C,day,2026-01-30 06:51:00,56.51,,115.67,50.9,220.12,,1303.0,73.61,75.2,49.6,174.9,0
M0031,Turbine,plant-a,Odd,2026-01-05 16:44:00,63.16,37.39,100.75,56.65,220.0,4.74,1629.0,66.26,89.87,61.16,167.6,0
M0014,pump,Plant-A,NIGHT,2026-03-04 18:04:00,65.79,28.63,118.4,37.15,235.18,,1575.0,69.12,68.92,69.82,331.4,0
M0057,Fan,Refinery-1,Night,2026-01-27 20:05:00,65.96,19.7,97.84,56.35,225.49,,1565.0,96.92,74.83,72.45,,0
M0052,Motor,Refinery-2,Weekend,2026-01-15 01:27:00,74.59,27.82,119.26,50.09,230.19,,1451.0,78.67,103.14,60.26,274.1,0
M0025,Fan,Plant-C,Odd,2026-03-18 21:24:00,49.58,35.45,106.59,53.31,221.46,4.37,1407.0,72.28,64.73,60.76,192.3,0
M0020,PUMP,plant-a,Day,2026-02-12 11:55:00,,21.57,95.71,53.74,219.97,4.64,1658.0,84.48,88.66,65.64,206.1,0
M0018, Fan ,Plant-A,ODD,2026-01-11 06:12:00,57.81,20.99,100.66,47.24,225.72,,1631.0,58.78,87.3,59.01,214.1,0
M0056,Motor,Plant-C,Odd,2026-01-18 06:01:00,47.96,32.63,105.93,45.35,226.44,5.3,1422.0,78.32,94.37,55.95,167.9,1
M0007,pump, Plant-B ,Night,2026-03-24 11:14:00,70.48,22.01,92.18,,226.26,5.34,1397.0,66.27,70.26,,,0
M0010,COMPRESSOR,Plant-C,Day,2026/02/09 22:40:00,70.87,34.08,100.34,58.49,225.17,5.66,1585.0,73.23,68.54,,270.5,1
M0047,PUMP,refinery-1,Weekend,2026-02-14 02:28:00,67.08,?,106.61,46.87,222.14,4.2,1547.0,83.99,80.69,67.81,254.8,0
M0011,FAN,Plant-A,Day,2026-02-11 08:52:00,63.55,34.3,89.03,61.23,216.1,5.68,1517.0,73.84,,60.3,247.5,0
M0058,PUMP,refinery-1,odd,2026-03-09 06:57:00,41.45,40.07,102.02,,,5.0,1482.0,67.63,71.81,62.77,341.8,0
M0060,Pump,plant-b,Day,2026-01-18 04:00:00,53.47,,,48.11,226.93,5.45,1580.0,62.98,76.96,61.69,314.7,0
M0013,Pump,Plant-C,Odd,2026-03-31 00:52:00,71.76,38.56,94.13,48.86,207.87,5.09,1452.0,72.82,115.08,,,0
M0048,Pump,plant-b,Night,2026-01-19 12:16:00,64.39,,98.04,51.35,222.17,5.55,1456.0,94.27,,73.44,225.4,1
M0036,Motor,Plant-C,Night,2026-01-30 01:47:00,62.9,23.55,,48.47,219.91,5.0,1592.0,75.73,71.59,59.13,217.0,0
M0033,Turbine,PLANT-B,Day,2026-03-13 06:25:00,75.79,43.41,99.89,42.92,223.67,5.05,1453.0,101.02,83.82,62.18,192.3,0
M0009,motor,Plant-B,Weekend,2026-01-04 01:50:00,70.89,28.81,114.25,44.27,225.2,,1429.0,62.2,73.04,,174.6,0
M0029,Turbine,Plant-C,Weekend,2026-03-30 19:35:00,54.99,25.74,102.81,66.18,222.75,4.68,1442.0,86.4,91.97,,107.5,0
M0015,MOTOR,plant-a,weekend,2026-02-25 22:32:00,52.51,41.7,97.7,62.16,222.08,,1704.0,89.02,69.13,55.02,165.7,1
M0023,motor,Plant-B, Night ,2026/02/23 05:18:00,66.96,25.61,101.48,,220.83,5.4,1604.0,96.73,83.34,40.79,289.8,0
M0044,Turbine,Plant-C,Day,2026-01-12 18:37:00,53.68,38.84,104.23,51.11,220.66,4.93,1455.0,79.71,78.83,61.92,240.4,0
M0044,Motor, refinery-1 ,WEEKEND,2026-01-05 17:27:00,62.48,34.49,99.29,50.56,228.21,5.43,1580.0,68.46,73.39,47.8,126.3,0
M0031,Fan,PLANT-A,Day,2026-03-16 01:59:00,60.7,30.02,,48.44,215.6,5.49,1571.0,58.83,91.91,56.41,229.7,0
M0025,Turbine,refinery-1,Day,2026-03-08 07:25:00,56.58,17.23,89.51,,219.75,,1598.0,74.5,61.99,58.04,333.5,0
M0039,Motor, Plant-A ,odd,2026-01-22 06:24:00,59.91,25.72,119.17,63.4,225.92,5.04,1478.0,75.02,73.4,57.13,244.8,0
M0034,Turbine,Refinery-2,Night,2026-02-02 11:18:00,63.02,,99.16,54.26,206.06,4.97,1690.0,73.29,70.05,52.09,38.3,0
M0045,Fan,Refinery-1,day,2026-01-08 03:18:00,69.58,33.55,113.75,39.13,225.46,5.04,1539.0,72.88,72.07,30.84,289.7,1
M0028,fan,Refinery-1,Day,2026-01-13 14:39:00,61.25,31.83,89.59,51.55,218.95,5.71,1615.0,79.15,60.72,57.07,149.4,1
M0018,Compressor,Plant-A,Weekend,2026-01-25 18:58:00,65.47,21.67,101.39,51.24,,4.91,1589.0,90.15,,68.3,257.3,0
M0010, Motor ,Plant-B, Weekend ,2026-01-29 23:42:00,57.85,31.19,108.01,40.69,228.8,4.45,1498.0,75.4,71.23,,224.0,0
M0028,PUMP,PLANT-C,NIGHT,2026-01-09 16:28:00,70.23,35.61,107.74,66.77,211.2,4.71,1519.0,97.61,101.58,69.6,,1
M0006,MOTOR,Plant-A,Weekend,2026-02-06 07:27:00,66.77,,108.71,43.92,230.45,5.08,1491.0,67.05,77.1,74.84,216.2,0
M0020,Fan,Refinery-2, NIGHT ,2026-02-27 20:45:00,62.85,31.54,124.05,39.4,,4.72,1647.0,58.9,87.16,62.74,340.9,1
M0019,Compressor,Refinery-2,Night,2026-01-11 21:15:00,66.49,24.54,86.82,54.81,,5.72,1717.0,59.56,86.65,69.63,281.1,0
M0040,Compressor,plant-a,Weekend,2026-03-26 08:42:00,65.42,33.69,111.96,50.6,233.76,4.98,1376.0,79.77,81.52,62.47,144.1,0
M0030, Motor ,Plant-C, Weekend ,2026-01-23 02:23:00,65.15,34.83,111.62,57.71,221.1,5.25,1699.0,67.95,86.87,56.03,232.4,0
M0053,Turbine,Plant-A,Night,2026-02-25 18:13:00,62.51,23.99,97.15,46.17,219.32,6.0,1548.0,69.76,81.28,64.01,199.3,0
M0023,Compressor,REFINERY-1,Weekend,2026-02-21 15:45:00,62.24,29.23,115.33,58.74,241.04,,1447.0,81.98,74.55,65.75,232.4,0
M0028,Pump,Refinery-2,Odd,2026-01-09 16:38:00,54.77,28.83,107.06,52.7,231.79,5.55,1615.0,67.09,,44.45,313.7,0
M0017,Fan,plant-b,NIGHT,2026-01-17 15:53:00,67.83,23.7,112.49,43.76,235.43,5.52,1414.0,69.71,73.44,59.44,207.8,0
M0014, Fan ,PLANT-C,Odd,2026-02-09 12:52:00,42.12,,112.87,46.19,213.55,4.51,1603.0,74.11,88.3,58.78,278.0,0
M0015,Fan,REFINERY-2,Day,2026-01-24 07:28:00,59.08,42.63,112.48,,226.86,,1522.0,83.38,89.79,63.37,219.0,1
M0016,COMPRESSOR,REFINERY-2, Day ,2026-03-13 12:20:00,70.38,26.05,101.64,42.63,225.58,5.84,1661.0,90.86,100.74,39.59,148.4,0
M0034,Pump,Plant-C,Odd,2026-03-20 20:07:00,,,87.85,39.93,217.31,5.06,1404.0,76.86,,78.0,,1
M0031,COMPRESSOR,plant-b,Day,2026-01-30 19:45:00,71.36,36.39,98.41,,226.57,3.88,1595.0,67.8,93.98,62.93,184.1,1
M0037,Motor, Plant-B ,Odd,2026-02-17 05:55:00,52.1,19.37,88.52,,223.22,5.04,,,84.52,57.53,269.4,0
M0031,Compressor,Refinery-2,Weekend,2026-03-20 18:46:00,71.45,38.16,100.73,47.88,238.68,5.58,1283.0,79.55,73.02,66.08,244.5,0
M0032,Motor,Plant-B,Weekend,2026-03-27 14:32:00,65.15,42.99,97.51,58.08,223.99,4.31,1527.0,69.53,86.93,58.82,158.7,0
M0015,Pump,Refinery-1,night,2026-01-29 07:07:00,58.21,27.98,97.35,44.19,220.24,,1620.0,78.2,67.32,69.65,276.7,0
M0022,Fan,Plant-C,Weekend,2026-01-11 17:54:00,62.22,36.14,107.05,51.15,223.9,,?,71.77,65.15,,185.1,0
M0007,MOTOR,Plant-A,Odd,2026-01-29 04:08:00,61.35,15.81,,61.96,229.28,4.89,1589.0,,78.97,81.64,189.0,0
M0051,MOTOR,plant-b,Weekend,2026-02-01 13:03:00,61.73,26.45,102.58,46.75,242.44,5.75,1433.0,,74.81,58.27,273.8,0
M0021,Fan,Plant-C,Weekend,2026-02-12 11:51:00,49.73,21.4,100.33,49.24,220.56,5.41,1481.0,65.86,87.35,,153.6,1
M0023, Pump ,Plant-B,Odd,2026-03-11 23:05:00,65.91,27.59,109.4,58.64,238.31,4.74,1682.0,80.5,91.69,57.17,,0
M0036,Fan,PLANT-C,ODD,2026-03-18 11:29:00,,32.71,106.96,56.32,231.8,5.18,1346.0,72.68,,,175.7,1
M0023,Motor,Plant-C,ODD,2026-03-21 17:08:00,58.65,28.92,116.13,39.41,227.77,6.03,1528.0,69.71,91.09,49.14,218.6,1
M0049, Turbine ,Plant-A,Odd,2026-02-01 16:46:00,56.61,38.3,110.37,,227.5,6.48,1734.0,69.87,71.46,58.9,210.1,0
M0044,Turbine,Refinery-1,Night,2026-01-30 17:29:00,51.55,29.34,123.45,38.02,224.81,5.17,1584.0,,62.9,45.59,?,0
M0011,Turbine,Refinery-1,Odd,2026-01-14 01:15:00,69.96,34.08,96.54,46.28,226.72,5.96,1521.0,74.78,67.69,74.77,,1
M0035,Compressor,Plant-C,Weekend,2026-03-12 07:37:00,66.52,29.28,123.52,46.83,234.93,5.43,1547.0,88.72,83.48,57.13,302.8,0
M0030, Compressor ,Plant-C,WEEKEND,2026-03-25 05:56:00,69.34,32.96,116.57,57.15,,5.79,1570.0,94.17,93.17,52.37,359.8,1
M0032,turbine,Refinery-2,Night,2026-01-04 19:03:00,67.49,33.19,112.3,53.86,237.58,5.8,1871.0,106.01,58.9,,219.6,0
M0002,Pump,Refinery-2,Weekend,2026-01-27 15:33:00,55.91,31.83,109.04,?,235.75,,1474.0,89.87,51.41,67.69,168.5,0
M0037,Fan,Plant-A,Night,2026-03-22 06:54:00,66.48,17.47,,42.91,232.47,5.68,1513.0,69.51,88.6,47.83,247.5,0
M0031,Turbine,Plant-A,Weekend,2026-01-18 14:18:00,65.52,,113.2,38.56,,4.97,1496.0,76.72,71.49,62.61,223.4,0
M0059,Pump, Plant-B ,Weekend,2026-03-15 21:34:00,72.45,28.19,,54.4,219.52,,1397.0,74.43,78.12,50.57,238.2,0
M0020, Compressor ,Refinery-1,weekend,2026-03-05 18:03:00,65.44,45.55,95.6,45.76,217.46,6.14,1646.0,69.56,69.63,70.46,241.7,0
M0038,Fan,Refinery-2,Odd,2026-01-16 16:08:00,76.11,38.71,103.74,52.72,231.2,4.51,1414.0,62.01,78.7,55.0,133.9,0
M0026,MOTOR,Plant-A,Odd,2026-01-26 00:49:00,71.43,33.07,123.26,54.72,228.39,5.02,1425.0,,71.6,34.95,159.5,0
M0032,Turbine,Refinery-1,Weekend,2026-03-28 22:55:00,54.97,28.54,94.63,42.75,221.38,5.58,1704.0,71.14,,62.31,250.5,0
M0021,Fan,plant-a,Weekend,2026-01-09 11:25:00,,30.11,95.3,52.46,226.9,5.78,1649.0,,74.33,58.02,241.8,0
M0055,TURBINE,Plant-B,Day,2026-03-23 11:27:00,50.96,21.3,110.37,48.44,219.43,4.9,1373.0,79.84,70.32,53.18,240.8,0
M0036,fan,Plant-B,Day,2026-03-16 04:46:00,65.36,37.78,96.02,50.16,234.52,5.39,1505.0,57.94,52.76,76.69,,1
M0044,Motor,REFINERY-2,Night,2026-02-14 02:13:00,65.13,28.21,106.33,,234.63,6.33,1723.0,53.48,74.76,58.04,247.8,0
M0040,Fan,REFINERY-1,Weekend,2026-01-11 16:25:00,60.83,38.79,,58.03,220.33,5.23,1598.0,69.5,78.85,52.75,243.9,0
M0056,PUMP, Plant-A ,Weekend,2026-01-20 01:47:00,67.53,30.09,95.67,55.17,220.11,4.81,1642.0,78.87,?,56.58,227.5,0
M0015,Turbine,Plant-B,Day,2026-02-10 19:01:00,65.17,28.71,114.27,53.3,227.31,5.12,1508.0,84.17,75.96,69.08,157.2,0
M0035,Pump,Refinery-1,WEEKEND,2026-01-19 00:43:00,59.6,39.55,113.13,,219.22,5.06,1510.0,87.56,91.81,58.32,260.7,0
M0032,PUMP,Refinery-1,DAY,2026-02-09 13:55:00,63.53,31.09,94.18,40.52,229.16,4.28,1522.0,?,78.52,60.27,315.9,0
M0057,Compressor,PLANT-B,Odd,2026-02-09 18:48:00,,33.22,96.03,47.7,225.86,4.81,1491.0,90.35,77.55,54.76,,0
M0017,Fan,Plant-C,Odd,2026-03-18 09:57:00,58.4,29.33,,47.74,227.18,5.86,1483.0,62.38,62.5,63.25,243.3,0
M0032,Compressor,Refinery-1,odd,2026-01-20 02:45:00,60.87,28.11,125.49,48.68,215.48,5.16,1581.0,62.19,84.83,68.88,228.3,0
M0018,Compressor, Refinery-2 ,Day,2026-01-11 00:45:00,65.08,28.74,,52.45,223.43,5.06,1744.0,73.74,95.97,43.71,381.3,0
M0012,COMPRESSOR,PLANT-C,Odd,2026-03-19 18:45:00,64.44,33.64,84.53,45.69,227.3,5.87,1573.0,89.58,90.42,,211.6,0
M0011,Turbine,PLANT-C,Odd,2026-01-03 09:22:00,73.06,34.56,126.8,57.8,219.21,,,70.46,63.05,55.42,252.7,0
M0014,Turbine,refinery-1,NIGHT,2026-03-09 01:22:00,59.08,31.71,,49.37,234.18,4.69,1383.0,73.61,75.94,52.64,148.7,0
M0022,Motor,Refinery-2, Odd ,2026-03-14 05:03:00,,30.21,,64.44,234.6,,1565.0,64.94,93.53,59.3,185.4,0
M0018,Turbine,plant-a,ODD,2026-02-21 22:58:00,71.49,29.23,,44.52,223.92,5.17,1681.0,76.06,81.6,43.11,166.0,0
M0003,FAN,PLANT-B,odd,2026-02-25 18:40:00,64.24,23.71,91.34,,218.91,5.35,1355.0,81.9,67.28,58.42,199.7,0
M0049,turbine,Refinery-2,Night,2026-01-25 06:22:00,60.26,25.54,95.96,55.81,217.56,5.69,1615.0,69.55,98.77,44.84,319.6,0
M0005,Fan,Refinery-1,Odd,2026-01-16 10:54:00,68.71,27.68,105.18,46.9,224.5,4.74,1480.0,68.89,71.29,67.4,266.2,0
M0017,TURBINE,PLANT-B,Day,2026-01-25 11:49:00,77.68,37.99,128.25,58.52,219.64,5.71,1635.0,94.2,68.39,?,179.1,0
M0014,Pump,refinery-1,Odd,2026-02-02 17:01:00,,41.23,101.92,38.76,,4.45,1334.0,71.37,,68.62,257.8,0
M0046,Turbine,PLANT-A, day ,2026-03-09 19:43:00,70.18,31.68,115.04,52.6,218.09,4.9,1482.0,73.14,,75.59,270.2,0
M0007,Motor,Refinery-2, DAY ,2026-02-18 15:50:00,66.96,36.01,108.32,,222.77,5.81,1418.0,65.56,,54.05,132.8,0
M0045, Motor ,Plant-C,Odd,2026-03-21 21:38:00,79.02,,108.41,53.02,,,1434.0,83.18,87.93,70.86,325.9,1
M0034,Motor,Refinery-1,Night,2026-03-28 12:20:00,64.05,41.07,102.41,,,5.47,1534.0,70.63,68.64,75.44,223.1,0
M0020,Motor,REFINERY-2,day,2026-03-13 21:40:00,,36.52,,53.35,226.96,5.4,1493.0,72.94,93.98,70.73,146.7,0
M0005,Turbine,refinery-2,Weekend,2026-01-19 07:01:00,52.43,34.1,107.09,43.54,222.39,5.29,,,59.0,70.14,221.0,1
M0033,Motor,plant-b,Weekend,2026-03-14 15:45:00,67.99,32.28,129.05,,238.43,4.72,1813.0,74.18,77.27,38.57,239.6,0
M0017,Motor,Refinery-2, day ,2026-03-07 02:12:00,54.92,27.35,106.16,58.15,227.36,5.9,1372.0,70.67,88.53,61.09,168.3,0
M0042,Pump,plant-b,Odd,2026-02-28 14:29:00,69.13,26.33,88.51,43.51,219.63,4.75,1667.0,84.71,106.54,51.13,315.8,0
M0004,Compressor,Refinery-1,Day,2026-01-05 23:56:00,53.39,34.84,109.84,47.2,224.49,4.49,1640.0,76.87,83.14,62.52,,1
M0010,Turbine,plant-c,NIGHT,2026-03-13 12:56:00,60.06,26.81,104.89,41.04,233.67,5.11,1847.0,63.26,99.08,70.52,195.3,0
M0031,Compressor,Refinery-2, Odd ,2026-02-26 21:32:00,,31.36,112.04,49.93,226.85,5.06,,78.23,78.1,56.31,213.4,1
M0055,Pump,Plant-B,odd,2026-01-06 07:58:00,58.93,27.09,,43.47,224.57,4.97,1648.0,83.48,57.98,67.41,183.4,1
M0013,Turbine, PLANT-C ,day,2026-01-05 12:59:00,55.79,,104.08,43.49,221.26,6.25,1383.0,,91.43,59.95,172.5,1
M0057,Pump,plant-a,DAY,2026-03-23 00:49:00,51.12,28.11,110.01,46.54,239.26,6.18,1452.0,73.38,71.01,56.24,206.5,0
M0052,Motor, refinery-1 , Weekend ,2026-03-07 06:00:00,,24.06,101.42,46.18,231.47,5.11,1676.0,63.48,79.41,52.82,146.4,1
M0004,Turbine,Refinery-1,Odd,2026-03-05 04:18:00,67.34,25.31,108.42,39.35,232.11,5.42,,86.25,76.05,52.44,302.4,0
M0004,Turbine,Refinery-1,odd,2026-03-19 08:22:00,72.69,34.5,109.4,,227.22,5.44,1607.0,60.96,70.52,,286.4,0
M0029,Compressor,Plant-B,Weekend,2026-03-28 11:52:00,60.24,23.48,101.08,51.43,209.32,4.73,1310.0,68.83,94.37,47.32,,0
M0050, Motor , Refinery-2 ,Odd,2026-02-07 05:24:00,?,31.17,100.6,54.66,233.22,5.61,1424.0,,69.06,58.87,165.5,0
M0059,Turbine,Refinery-2,Night,2026-01-13 02:10:00,57.74,39.16,,45.9,,3.88,1654.0,69.43,90.86,61.5,256.4,0
M0053,compressor,Plant-A,Day,2026-02-17 04:55:00,80.72,34.55,120.94,44.27,212.19,5.19,1652.0,82.01,94.54,,295.2,0
M0015,Turbine,Plant-A,Odd,2026-01-02 21:38:00,61.37,32.47,100.57,54.57,233.52,5.86,1415.0,88.86,97.59,71.97,210.5,0
M0025,COMPRESSOR,refinery-1,Night,2026-02-10 11:13:00,69.92,33.63,96.62,56.27,227.04,4.94,1578.0,,92.98,48.58,,0
M0033,Turbine,Refinery-2,Odd,2026-02-04 00:03:00,63.19,,93.57,56.64,234.54,6.04,1602.0,52.44,72.38,69.92,317.4,0
M0032,Compressor,Plant-A,odd,2026-03-31 04:45:00,51.87,39.83,85.89,45.91,232.77,5.2,1392.0,79.26,,56.06,182.6,1
M0033,FAN,Refinery-1,ODD,2026-01-20 10:42:00,67.08,40.37,106.71,,218.23,5.03,1507.0,,83.75,73.57,219.8,0
M0053,Compressor,plant-c,Odd,2026-02-22 09:29:00,66.98,,,50.26,226.69,5.64,1696.0,,77.93,54.2,186.1,0
M0051,Pump,Plant-A,ODD,2026-03-18 22:17:00,46.08,32.46,111.03,,219.83,4.85,1510.0,71.98,74.11,54.9,291.4,0
M0015,compressor,Refinery-2,Night,2026-01-02 09:21:00,70.36,32.86,110.5,49.95,228.11,4.62,,73.99,71.84,70.83,242.5,0
M0048,FAN,refinery-1,Weekend,2026-01-28 06:32:00,?,36.31,92.96,50.12,234.78,5.36,1616.0,,103.03,50.88,100.3,0
M0030,pump,Refinery-2,Odd,2026-03-01 12:47:00,63.84,28.24,99.46,44.67,,6.21,1483.0,53.71,66.01,66.35,204.9,0
M0039,Pump,plant-b,Night,2026-02-20 05:03:00,77.79,33.54,101.09,,233.2,5.27,1530.0,76.15,84.05,57.49,292.2,0
M0039,turbine,PLANT-C, Night ,2026-01-22 16:59:00,49.09,,94.74,51.19,213.63,5.57,,?,82.33,51.69,185.6,0
M0030,PUMP,Refinery-1,Odd,2026-01-07 14:18:00,60.38,,107.44,60.85,214.52,6.1,1481.0,78.46,99.09,60.93,202.2,0
M0032,Compressor,Plant-C,odd,2026-03-13 19:15:00,54.71,?,121.87,49.19,,5.97,1655.0,79.25,73.01,62.1,138.4,0
M0041,Compressor,Refinery-1,Night,2026-01-15 03:35:00,,22.63,88.21,50.53,228.07,4.62,1567.0,89.69,103.49,64.93,209.5,0
M0058,Turbine,Plant-A,weekend,2026-03-12 09:41:00,70.55,36.34,114.96,52.99,232.51,5.72,,87.18,78.94,49.79,204.3,0
M0030,pump,Refinery-1,night,2026-01-19 13:02:00,73.11,38.82,106.48,51.58,223.53,5.49,1596.0,,57.34,55.89,240.4,1
M0046,Pump,Plant-A, Weekend ,2026-03-20 02:08:00,59.98,29.84,100.04,54.5,233.71,,1617.0,77.72,80.11,46.36,158.3,0
M0017,Motor,Plant-B,Day,2026-03-21 22:31:00,79.99,20.26,117.84,61.58,231.13,5.0,,71.78,,54.51,185.8,0
M0028, Pump ,REFINERY-1,day,2026-03-05 17:56:00,71.33,26.62,113.34,58.65,218.27,4.78,1484.0,60.33,?,69.71,,0
M0045, Fan ,refinery-1,Night,2026-01-23 01:06:00,70.24,24.17,91.63,51.67,226.83,5.23,1636.0,83.74,97.64,47.29,310.1,0
M0039,Motor,Refinery-2,Weekend,2026-01-10 21:50:00,,34.98,102.58,42.36,218.01,4.38,1659.0,71.15,91.43,59.22,202.4,0
M0055,Compressor,Refinery-1,Night,2026-03-08 14:19:00,58.8,22.75,117.67,42.94,230.97,5.45,1660.0,69.85,70.51,61.41,202.5,0
M0020,turbine,plant-c,Night,2026-03-04 15:21:00,62.59,,106.78,53.07,224.99,4.37,1509.0,81.07,,64.06,221.9,0
M0059,Motor,Plant-C,Odd,2026-03-20 06:03:00,69.18,24.49,101.71,46.34,215.49,4.21,1499.0,72.36,81.26,63.0,231.3,1
M0038,Turbine,refinery-2,Odd,2026-01-18 22:26:00,,33.35,110.43,46.59,231.61,4.81,1373.0,90.26,65.01,61.95,?,1
M0032,Pump,Plant-A,Weekend,2026-02-09 12:48:00,62.25,25.46,96.38,,218.19,5.1,1473.0,,96.71,62.65,281.6,0
M0007,Fan, Plant-C ,WEEKEND,2026-02-27 18:51:00,57.2,33.14,97.01,,210.15,5.37,1734.0,,92.26,57.47,114.1,0
M0034,Fan,Plant-B,Night,2026-01-01 00:06:00,65.09,37.62,109.63,51.24,220.77,5.24,1617.0,,78.81,59.96,141.0,0
M0027,Compressor,Refinery-2,day,2026-03-30 13:16:00,42.09,35.51,111.56,50.68,215.19,5.15,1572.0,82.83,83.28,63.97,212.6,0
M0011,fan,PLANT-C,night,2026-03-14 14:23:00,61.03,36.13,102.9,45.65,219.97,5.59,1760.0,53.59,,59.83,254.8,0
M0058,TURBINE,Plant-C,Weekend,2026-01-30 05:07:00,65.05,30.93,107.35,49.13,219.38,5.59,1536.0,70.04,,56.91,285.5,0
M0005,Motor,Plant-C,Night,2026-02-07 17:32:00,45.19,29.19,,43.68,227.68,4.94,1378.0,100.45,79.56,48.25,179.8,0
M0006,Pump,Plant-B,NIGHT,2026-03-22 06:35:00,73.73,35.38,104.14,,221.93,4.77,,63.78,87.47,60.6,256.6,1
M0054,Motor,Plant-C, Night ,2026-03-21 16:52:00,63.31,29.96,?,,232.07,5.02,1538.0,78.61,82.72,,239.0,0
M0004, Compressor ,Refinery-2,Odd,2026-02-03 12:36:00,62.3,18.34,91.78,59.72,222.21,5.16,1584.0,61.97,84.89,54.22,237.6,0
M0030,Motor,Plant-B,Night,2026-03-27 10:21:00,73.84,,105.72,66.47,231.41,6.17,1485.0,85.71,80.32,61.29,341.3,1
M0026,Turbine,Plant-A,Night,2026-02-04 00:54:00,56.61,28.4,,61.29,224.93,5.05,1582.0,54.27,,54.62,177.2,0
M0045,Turbine,PLANT-C,Weekend,2026-03-07 00:58:00,67.28,,100.51,37.35,214.24,5.1,1537.0,89.12,95.78,51.82,269.1,0
M0018,Motor,Plant-B,ODD,2026-03-09 18:54:00,70.71,30.21,115.63,51.34,217.55,5.23,1742.0,79.98,78.6,78.3,289.6,0
M0052,COMPRESSOR,Plant-C,Day,2026-01-08 16:17:00,60.39,35.28,102.2,58.72,233.4,,1532.0,70.52,,,171.6,0
M0049,Motor,Refinery-2,Weekend,2026-03-30 14:52:00,62.88,?,94.45,43.53,232.14,5.93,1746.0,59.11,63.59,45.08,297.3,0
M0012,FAN,Plant-B,WEEKEND,2026-02-23 17:43:00,67.58,,110.11,57.25,220.07,5.6,1343.0,73.8,,,,0
M0048,Pump,Refinery-2,Odd,2026-02-23 22:15:00,73.17,33.53,,43.1,235.25,5.17,1741.0,,?,65.64,193.4,1
M0036,COMPRESSOR,Refinery-2,Night,2026-01-19 19:27:00,60.69,27.48,105.66,60.36,222.6,,1879.0,70.67,77.71,54.78,203.4,1
M0006,Motor,Plant-B,Night,2026-02-24 23:25:00,72.79,43.62,99.33,52.43,226.76,5.8,1816.0,90.21,,62.76,257.7,0
M0007,Pump,plant-a,Odd,2026-01-07 01:26:00,73.17,14.72,106.76,47.39,211.86,5.25,,74.76,75.82,48.81,,0
M0052,Fan,Refinery-1,odd,2026-02-22 20:31:00,57.74,27.52,113.17,49.74,232.92,4.29,,55.61,?,48.59,,0
M0023,Pump,Refinery-2,Day,2026-01-12 18:21:00,?,31.8,109.94,47.11,218.25,5.82,,84.49,99.75,62.69,241.5,0
M0037,Turbine,Refinery-2,WEEKEND,2026-03-26 23:54:00,69.65,31.55,98.07,41.89,222.84,5.87,1449.0,,65.71,54.69,,0
M0025,FAN,plant-a,weekend,2026-02-05 10:06:00,66.32,,102.85,47.55,230.86,,1451.0,88.46,88.79,,191.9,0
M0030,compressor,Plant-C,Odd,2026-01-24 19:26:00,70.62,,97.75,55.63,212.98,4.68,1565.0,81.63,100.15,55.84,168.1,0
M0049,Turbine,Plant-A,Weekend,2026-02-02 10:10:00,65.39,25.07,107.86,51.99,223.57,,1562.0,,80.56,67.88,144.8,0
M0009,Motor,Plant-A,Night,2026-03-11 16:38:00,61.31,32.76,111.62,55.58,224.99,5.43,1529.0,,77.41,54.62,157.7,0
M0038,pump,PLANT-B,Night,2026-02-09 02:30:00,73.2,,,53.27,231.97,6.25,1678.0,83.96,111.6,58.87,202.7,0
M0001,turbine, Refinery-2 ,Night,2026-01-13 09:09:00,73.4,31.02,106.08,51.59,213.45,5.14,1718.0,85.87,78.5,72.07,144.5,0
M0029,Motor,PLANT-A,Night,2026-02-05 06:39:00,82.36,41.66,111.5,48.14,224.44,5.44,1499.0,88.19,55.57,?,268.1,0
M0016,MOTOR,Plant-A,Odd,2026-01-04 15:20:00,70.07,41.25,,62.07,227.92,5.21,1598.0,78.91,102.29,62.68,252.5,0
M0043,Compressor,PLANT-B,Night,2026-02-06 07:24:00,81.18,28.49,110.7,45.32,232.47,5.64,1600.0,,70.97,73.18,174.2,0
M0023,Fan,PLANT-A,Odd,2026-01-09 01:41:00,64.81,31.63,,48.9,217.45,5.55,1414.0,,72.81,51.68,205.0,0
M0005,turbine, Refinery-2 ,odd,2026-03-06 12:25:00,68.7,,118.86,60.96,229.1,4.73,1483.0,60.53,79.49,48.55,200.3,1
M0026, MOTOR ,PLANT-B,ODD,2026-03-27 18:43:00,70.45,26.2,89.24,58.9,228.08,4.63,1583.0,85.68,100.75,60.26,283.6,0
M0027, Compressor , Plant-B ,Day,2026-03-26 12:00:00,68.1,22.95,101.41,45.5,198.94,4.99,1442.0,72.9,80.02,73.91,238.3,0
M0012, Pump ,Plant-A,Weekend,2026-01-22 16:41:00,54.74,43.36,90.58,50.48,208.02,5.18,1498.0,86.37,74.9,68.25,158.6,0
M0032,TURBINE,Refinery-1,Weekend,2026-03-12 07:59:00,150,80,2000,44.85,221.9,4.4,1728.0,,69.01,60.44,289.6,0
M0053,TURBINE,Plant-A, night ,2026-01-22 07:42:00,64.67,22.26,129.82,50.44,234.83,,1665.0,50.55,75.07,57.11,247.8,1
M0044,Motor,Plant-A,Day,2026-01-24 05:40:00,67.83,18.32,111.33,39.02,235.83,5.33,1494.0,84.9,,69.92,224.8,0
M0031,Turbine,Plant-B,day,2026-03-21 19:34:00,57.89,21.88,102.48,54.57,228.33,4.67,1566.0,,65.93,58.57,300.4,0
M0005,Fan,Refinery-1,Day,2026-02-19 02:38:00,64.52,20.83,117.38,48.5,233.73,,1535.0,80.1,78.95,47.35,76.8,1
M0040,FAN,Plant-B,Day,2026-03-31 11:57:00,81.35,38.02,,56.19,217.63,4.2,1729.0,60.0,?,?,215.4,1
M0047,Compressor,plant-a, NIGHT ,2026-02-03 10:58:00,58.37,35.84,?,46.18,232.71,4.55,1654.0,55.18,83.43,58.39,187.6,0
M0013,Turbine,Refinery-1,Day,2026-03-28 18:05:00,72.55,26.51,94.57,61.52,230.58,5.79,1604.0,74.07,76.64,65.01,288.0,0
M0058,Pump,Refinery-1,NIGHT,2026-02-08 19:44:00,76.38,20.81,108.01,48.73,,5.19,1551.0,72.33,96.72,58.02,,0
M0017, PUMP ,Refinery-1,Day,2026-01-12 19:06:00,68.38,45.64,105.5,56.71,219.19,,1465.0,79.56,76.83,62.07,205.9,0
M0017,Compressor,Plant-C,Odd,2026-03-08 07:18:00,59.85,25.53,102.13,52.27,213.72,,1380.0,87.93,,75.22,260.1,1
M0035,Fan,Plant-A,Weekend,2026-01-23 01:39:00,51.82,21.36,98.65,59.26,232.64,5.27,1672.0,73.85,85.07,72.87,,1
M0033,COMPRESSOR, Refinery-1 ,Night,2026-02-22 06:40:00,180,100,2500,39.51,205.06,5.97,1602.0,74.78,88.33,75.35,304.8,0
M0049,Compressor,PLANT-B,Odd,2026-01-06 10:53:00,54.58,28.82,85.64,52.08,,4.99,1438.0,75.02,73.47,?,,0
M0013,Motor,Plant-B, Weekend ,2026-02-20 09:35:00,62.22,15.86,,,226.9,5.19,1486.0,84.4,73.98,60.77,231.7,0
M0056,Compressor,plant-a,Weekend,2026-02-28 04:05:00,74.49,,97.37,58.69,219.87,6.27,1536.0,71.13,80.54,54.52,287.6,0
M0053,Turbine,Refinery-2,odd,2026-01-22 16:39:00,60.92,28.09,,,227.53,4.74,1481.0,67.96,72.96,50.45,234.8,0
M0009,TURBINE,PLANT-C,Odd,2026-01-09 10:20:00,76.97,,106.7,54.66,233.65,4.41,1661.0,70.74,107.49,56.31,274.5,1
M0038,Pump,Plant-A,WEEKEND,2026-01-07 07:08:00,71.42,15.21,111.15,47.59,234.32,5.55,1622.0,72.28,69.05,54.1,112.0,0
M0031,MOTOR,refinery-1,Night,2026-01-05 22:20:00,72.1,,112.99,35.53,221.06,5.86,1611.0,93.48,100.45,60.7,204.9,0
M0050,Motor,Plant-B,Weekend,2026-01-26 09:22:00,64.67,29.38,103.0,54.56,226.12,4.76,1456.0,,85.14,55.18,152.1,0
M0045, Turbine ,Plant-C,Odd,2026-03-08 11:09:00,58.48,,99.43,45.91,233.6,5.33,1522.0,101.58,62.79,62.93,157.1,0
M0031,Compressor,Plant-C, NIGHT ,2026-03-14 03:05:00,74.4,36.13,119.15,52.61,235.82,4.95,1525.0,86.95,90.12,55.39,157.2,0
M0018,Turbine,Plant-B,Weekend,2026-03-28 08:16:00,75.57,28.91,108.81,52.85,?,4.42,1252.0,66.55,101.79,74.7,204.3,1
M0027,Pump,Plant-C,Odd,2026-03-15 15:04:00,64.1,32.41,112.26,52.4,,6.04,1358.0,67.02,80.32,51.43,196.2,0
M0060,compressor,PLANT-B,Weekend,2026-03-04 23:17:00,68.23,34.94,101.16,60.56,230.38,5.27,1622.0,68.24,54.69,52.54,264.8,0
M0010,Turbine,REFINERY-1,day,2026-03-14 11:07:00,62.65,25.3,91.79,55.43,223.23,5.57,1584.0,80.49,55.45,50.2,254.2,0
M0045,Turbine,Refinery-1,Weekend,2026-03-22 09:26:00,63.5,36.26,96.6,52.61,205.08,4.63,1549.0,71.37,,53.5,239.8,1
M0059,turbine,plant-c,Odd,2026-01-14 16:45:00,,21.96,,35.18,223.58,6.07,1379.0,59.01,82.65,70.49,239.5,1
M0016,TURBINE,Refinery-1,Weekend,2026-03-06 18:12:00,70.45,26.1,,44.78,226.72,5.06,1495.0,96.72,74.73,55.26,180.2,1
M0015,Motor,plant-a,Night,2026-03-29 18:38:00,61.6,27.92,101.35,58.71,217.57,5.37,1541.0,75.68,82.93,58.51,267.6,0
M0044,Compressor,Refinery-2,Odd,2026-03-03 11:26:00,56.63,34.07,103.97,53.76,224.89,5.08,1468.0,63.06,96.83,72.11,157.7,1
M0038,Compressor,Plant-A,Day,2026-03-08 04:38:00,60.88,30.12,94.37,55.29,232.88,5.9,1504.0,64.41,84.22,73.8,224.2,0
M0025,Turbine,PLANT-B,Odd,2026-03-17 04:38:00,66.93,35.45,116.88,59.89,,,1515.0,,77.14,53.03,201.7,1
M0043,turbine,PLANT-A,Night,2026-02-15 11:53:00,56.85,41.71,,35.48,226.41,5.62,1603.0,90.16,95.69,60.39,356.6,0
M0005,Turbine,Plant-C,Night,2026/01/18 22:35:00,,33.79,118.15,53.99,226.88,5.86,1848.0,72.3,89.54,57.95,250.4,0
M0053,Turbine, PLANT-A ,Weekend,2026-02-18 03:37:00,66.62,20.13,101.22,37.37,230.26,,1663.0,79.89,91.62,43.81,213.5,0
M0024,Fan,Refinery-1,Day,2026-02-02 10:57:00,59.46,22.66,113.18,53.92,226.86,6.52,1626.0,68.55,,55.43,296.0,0
M0026,Turbine,REFINERY-1,Day,2026-02-18 09:03:00,61.71,27.3,105.67,56.74,227.23,6.05,1685.0,,96.42,72.07,150.8,0
M0015,PUMP,Refinery-2,Odd,2026-02-18 20:16:00,64.07,32.2,108.92,44.08,224.25,5.65,1661.0,87.99,?,61.2,265.0,0
M0026, Fan ,Plant-C,Weekend,2026-03-27 23:02:00,67.15,34.0,125.01,44.56,220.37,6.17,1662.0,83.0,72.92,68.13,,0
M0048,Pump,Plant-A, Weekend ,2026-01-03 01:11:00,51.55,36.43,96.74,,227.72,,1608.0,76.42,76.53,71.76,262.5,0
M0058,turbine, PLANT-C ,NIGHT,2026-02-21 19:08:00,61.95,33.2,103.42,42.29,216.28,5.59,1622.0,77.42,75.3,56.29,200.5,1
M0009,Turbine,Plant-C,Day,2026-03-25 19:46:00,48.04,29.3,96.91,46.83,,5.45,1761.0,77.65,,60.57,208.3,0
M0027,Turbine,Plant-A,Odd,2026-03-25 07:57:00,59.75,23.43,99.78,45.86,208.59,4.87,1682.0,83.01,86.3,59.18,306.9,0
M0027,Fan,plant-b,Night,2026-02-04 11:14:00,76.52,35.91,106.45,39.07,218.51,4.57,1554.0,69.92,99.23,,150.3,1
M0052,Pump,Plant-B,Day,2026-03-15 02:16:00,58.29,30.05,118.81,47.2,210.48,4.98,1516.0,56.79,82.78,62.55,331.6,1
M0003, Motor ,Plant-A,Odd,2026-02-09 03:39:00,67.74,32.01,119.94,42.2,221.61,6.13,1313.0,74.46,94.75,68.93,259.6,0
M0030,Pump,Refinery-1,Odd,2026-01-11 13:37:00,70.41,25.01,114.13,50.45,228.2,4.13,1279.0,59.99,100.95,47.67,263.9,0
M0009,FAN,Refinery-2,odd,2026-02-08 06:38:00,58.54,24.5,108.67,48.4,228.45,5.49,1422.0,64.1,77.26,51.02,167.2,0
M0025,Compressor,Refinery-2,Weekend,2026-01-05 06:22:00,63.61,41.9,125.86,70.97,,6.61,1589.0,77.28,83.54,58.0,229.0,0
M0010,PUMP,PLANT-B,Night,2026-03-22 08:37:00,54.67,32.03,113.49,56.94,214.18,4.29,1485.0,88.85,82.65,51.03,132.8,1
M0033, turbine ,PLANT-C,Night,2026-03-15 07:17:00,77.64,25.99,99.55,48.54,227.33,5.26,1622.0,63.75,84.76,51.32,211.4,1
M0029,Motor,Plant-B,Odd,2026-02-16 05:18:00,56.38,25.02,119.75,47.38,240.14,4.36,1419.0,82.62,75.9,,213.3,1
M0036,COMPRESSOR,Plant-C,WEEKEND,2026-01-03 16:17:00,,33.09,103.25,59.78,231.18,5.25,1687.0,58.51,78.98,,256.1,0
M0039,COMPRESSOR,Refinery-1, Day ,2026-01-02 23:44:00,70.7,37.4,128.28,54.92,221.31,5.51,1606.0,81.14,97.94,42.84,310.8,0
M0004,TURBINE,Refinery-1,Night,2026-03-06 12:22:00,64.79,39.0,,49.79,219.87,6.03,1746.0,74.01,,72.86,218.0,1
M0040,Motor,Refinery-2,odd,2026-01-23 06:50:00,62.68,23.72,122.68,50.96,232.15,4.74,1596.0,64.03,,52.17,167.3,0
M0004,Compressor,Plant-A, Day ,2026-01-16 03:44:00,66.81,,95.38,38.84,220.19,5.66,1508.0,72.69,90.93,50.74,214.7,0
M0032,PUMP,Plant-A,Weekend,2026-01-21 02:57:00,70.37,21.32,108.12,50.18,220.75,,1437.0,83.41,71.62,54.52,189.7,0
M0018,Compressor,Plant-B,Night,2026-03-16 21:34:00,61.18,38.09,89.94,47.62,220.26,6.4,1485.0,70.2,67.63,58.08,236.2,0
M0036,Turbine,REFINERY-2,Weekend,2026-01-15 02:45:00,59.52,30.76,106.84,52.51,211.34,4.65,1386.0,,69.19,53.53,148.3,0
M0029,Motor,Refinery-2,WEEKEND,2026-03-27 01:37:00,,36.23,106.66,48.27,239.77,5.55,1527.0,68.14,95.92,59.86,221.5,1
M0014,Turbine,Plant-B,Day,2026-01-08 22:52:00,66.09,32.05,95.44,49.79,236.15,4.41,1447.0,,80.93,59.36,281.3,0
M0027,Turbine,Plant-B,NIGHT,2026-01-29 13:17:00,67.02,29.35,89.35,47.7,,4.6,,83.85,73.66,,213.4,0
M0029,Motor,PLANT-C,odd,2026-02-27 01:51:00,70.36,33.32,94.41,53.92,235.61,5.17,1429.0,,100.68,50.02,222.4,0
M0044,Turbine,REFINERY-2,Night,2026-03-24 02:55:00,66.1,25.44,,49.27,223.99,5.46,1682.0,78.44,70.27,38.37,173.9,0
M0007,Compressor,Refinery-2,Day,2026-02-28 02:20:00,56.99,32.5,94.95,39.27,216.02,5.06,1431.0,72.72,87.21,,?,1
M0024,Motor,Plant-A,Day,2026-02-26 18:13:00,55.23,19.31,113.79,64.48,222.94,?,1728.0,77.08,79.7,55.79,252.3,1
M0025, Motor , PLANT-A ,Day,2026-02-13 16:36:00,64.36,22.68,113.01,44.59,209.64,5.51,1440.0,,70.25,64.36,231.0,1
M0055,Compressor,Refinery-1, Weekend ,2026-03-18 13:39:00,72.72,29.0,102.79,57.42,,3.86,1447.0,77.42,77.01,43.96,281.0,1
M0027,Fan,Plant-A,Day,2026-03-09 13:42:00,57.4,29.72,107.49,56.31,211.6,3.87,1554.0,49.69,81.9,63.33,294.2,0
M0024,Turbine,Refinery-1,Odd,2026-01-04 05:41:00,66.37,24.62,113.01,54.15,218.88,5.33,1457.0,,72.83,57.55,251.3,0
M0011,FAN,PLANT-A,Weekend,2026-01-11 23:32:00,60.29,30.0,112.39,67.03,,4.59,,76.81,73.77,62.23,83.7,0
M0025,Pump,plant-c,Weekend,2026-01-26 07:34:00,,30.99,99.03,54.7,229.14,6.18,1524.0,66.97,62.36,77.74,259.7,1
M0014,Compressor,PLANT-C,Night,2026-01-02 04:39:00,59.66,34.99,93.23,51.7,225.2,?,1480.0,70.02,65.1,61.94,194.6,0
M0035,Compressor, Plant-B ,Weekend,2026-02-18 07:38:00,59.97,24.08,112.61,,234.3,,1637.0,82.45,81.79,59.73,225.9,0
M0057,TURBINE,REFINERY-2,Weekend,2026-02-22 07:57:00,77.45,32.91,85.03,52.56,229.44,5.95,1721.0,84.1,72.95,48.74,252.0,0
M0029,TURBINE, Plant-A ,Odd,2026-01-11 16:48:00,68.84,16.57,,49.01,202.64,4.77,1444.0,68.44,?,52.04,171.0,0
M0013,compressor,Plant-A,Weekend,2026-02-07 00:11:00,78.4,32.52,124.71,58.23,226.82,4.77,1465.0,80.33,81.72,52.7,270.0,0
M0042,Turbine,plant-b,Weekend,2026-03-22 13:13:00,55.18,32.44,112.01,,,,1456.0,80.94,82.04,52.82,248.4,0
M0019,COMPRESSOR,Plant-B,Day,2026-01-19 07:35:00,70.46,27.29,102.68,54.34,218.81,4.86,1573.0,88.38,89.7,67.68,,0
M0045,Fan, Refinery-1 ,Night,2026-03-15 15:15:00,53.09,39.87,92.79,46.08,227.17,5.45,1376.0,67.54,62.23,63.6,291.0,0
M0019,Pump,Plant-A,WEEKEND,2026-03-21 17:56:00,58.34,32.25,122.5,65.38,216.68,4.84,1611.0,86.69,,58.79,190.8,0
M0007,Pump,plant-b,Odd,2026-03-25 15:05:00,67.69,32.87,117.33,,219.66,,1501.0,70.5,95.05,45.66,343.4,1
M0049,Pump,Refinery-1,Night,2026-02-03 08:26:00,68.19,30.86,106.7,65.51,207.46,5.33,1518.0,72.87,81.79,55.6,,0
M0036,Turbine,Refinery-1,NIGHT,2026-01-13 14:58:00,64.68,33.44,113.38,49.46,,?,1421.0,65.59,?,49.51,294.8,0
M0055,Pump,Plant-A,Night,2026-03-12 13:53:00,53.36,,107.38,53.2,221.62,4.26,,71.77,,66.15,265.9,0
M0054, Fan ,plant-b,Day,2026-03-11 13:12:00,55.41,47.57,115.1,51.57,225.26,5.17,1317.0,67.28,78.66,51.56,184.9,0
M0058, Turbine , Refinery-2 ,Weekend,2026-03-03 14:15:00,69.13,32.03,105.86,34.94,231.22,5.49,,77.81,87.78,68.54,250.6,0
M0016,Fan,Refinery-1,WEEKEND,2026-01-01 04:10:00,65.49,32.6,94.52,54.45,210.23,4.8,?,83.28,,62.1,,1
M0045,Fan,PLANT-A,Weekend,2026-01-15 12:05:00,59.44,,102.8,44.51,226.92,5.17,1464.0,,79.6,66.35,,0
M0044,Turbine,Plant-A, Day ,2026-01-09 13:01:00,77.56,17.22,113.15,61.47,,6.15,1528.0,78.15,71.37,67.01,270.1,0
M0042, Pump ,Plant-B,Weekend,2026-03-20 08:26:00,62.94,34.8,96.21,52.45,227.4,4.69,1740.0,72.04,68.09,65.68,223.3,0
M0005,Fan,Refinery-2,Day,2026-01-30 23:35:00,54.35,30.05,106.33,52.66,221.48,5.75,1446.0,81.27,82.57,?,290.9,0
M0012,Turbine,Refinery-1, Weekend ,2026-03-18 23:52:00,58.53,27.97,115.91,58.27,219.12,5.48,1549.0,64.92,,46.62,289.8,0
M0004, Motor , Plant-A ,NIGHT,2026-01-06 03:05:00,48.55,,97.6,64.94,240.77,4.9,1830.0,84.38,72.26,34.76,261.3,0
M0004,Pump,Plant-B, Day ,2026/01/22 16:46:00,82.31,28.16,100.59,54.1,210.72,5.95,1669.0,80.24,39.47,55.67,143.6,0
M0043,Motor,Refinery-1,Day,2026-02-26 04:28:00,69.76,38.66,115.17,50.97,?,5.69,1377.0,75.35,78.61,,242.4,0
M0056,Fan,Plant-B,Weekend,2026-02-08 23:25:00,35.4,25.65,104.96,46.32,?,5.22,1591.0,70.31,96.46,58.52,167.7,0
M0021,Compressor,Plant-A, Night ,2026-03-26 07:03:00,65.51,20.9,107.55,45.54,212.88,4.99,1703.0,87.08,91.36,60.42,255.7,0
M0058,motor,Refinery-2,Day,2026-02-05 20:37:00,56.78,30.65,115.62,,215.82,4.29,1557.0,86.09,84.32,64.12,138.4,0
M0028,Pump,Refinery-1,Night,2026-02-10 08:10:00,64.43,18.44,127.64,50.98,231.93,4.92,1364.0,89.26,66.51,61.14,246.6,0
M0058,Fan,REFINERY-1,Night,2026-02-14 03:33:00,70.17,30.18,110.0,53.38,241.83,5.35,,76.99,48.58,57.71,285.6,0
M0046,Motor,Plant-B, weekend ,2026-02-23 01:02:00,64.72,29.66,109.5,41.96,229.5,4.77,1467.0,83.85,68.06,65.95,226.1,1
M0052,Compressor, Plant-A ,Day,2026-01-12 22:29:00,56.46,36.59,101.91,35.36,233.14,4.63,1763.0,86.48,77.27,62.13,365.4,0
M0042,TURBINE,Refinery-2,Day,2026-02-28 06:17:00,72.48,27.63,95.36,60.81,231.98,5.29,1726.0,75.83,72.55,48.98,213.5,0
M0024,Motor,Plant-A,Weekend,2026-02-21 01:50:00,63.9,42.0,103.56,67.13,231.28,,1710.0,75.02,74.14,56.96,160.8,0
M0036,Turbine,Plant-B,Day,2026-01-02 07:38:00,80.99,27.89,106.73,49.35,222.99,,1512.0,78.37,97.02,66.53,146.9,0
M0046,compressor,Refinery-2, Weekend ,2026-02-24 10:33:00,74.35,,93.14,42.34,,4.24,1766.0,85.49,101.92,73.49,198.9,0
M0050,FAN, plant-b , Day ,2026-03-20 12:46:00,78.66,21.81,114.31,49.52,229.85,,1518.0,82.37,,,293.3,0
M0006,Turbine,PLANT-B,odd,2026-03-02 13:07:00,53.37,,100.93,40.18,204.94,5.74,1446.0,62.56,87.67,65.25,172.8,1
M0059, Turbine ,Plant-B,Weekend,2026-03-17 11:10:00,71.56,23.73,98.1,55.46,232.43,4.72,1577.0,67.21,77.63,59.29,253.6,0
M0039,MOTOR,Plant-C,Day,2026-02-17 12:22:00,,27.63,87.52,64.29,226.7,5.28,1577.0,81.05,91.74,43.93,298.6,0
M0001,Compressor,Plant-A,odd,2026-01-29 02:53:00,61.63,25.45,101.35,55.59,224.73,5.2,1557.0,51.88,61.82,54.53,169.4,1
M0001,turbine,Refinery-1,night,2026-03-22 14:41:00,59.88,23.13,118.66,56.18,222.72,,1596.0,98.43,90.47,65.51,222.3,1
M0039,Fan,Plant-B,Day,2026-01-27 20:53:00,62.84,32.95,,61.08,225.66,4.98,1393.0,71.15,88.49,64.77,,0
M0014, Fan ,plant-a, day ,2026-03-18 06:29:00,,35.04,112.0,,230.43,4.81,1525.0,75.7,,43.9,145.9,0
M0003,COMPRESSOR,Plant-B,Day,2026-01-06 09:35:00,58.18,31.93,89.53,60.65,226.79,6.01,1536.0,,111.65,59.18,160.0,0
M0059,compressor,Refinery-2,day,2026-01-22 11:38:00,84.7,42.19,110.73,59.22,235.45,,1660.0,92.89,64.83,63.19,241.7,0
M0021,fan,Plant-C,Night,2026-03-29 15:35:00,59.89,25.01,116.36,50.91,223.38,5.62,1629.0,62.44,96.62,54.31,322.0,0
M0043,Fan,refinery-1,NIGHT,2026-01-02 10:17:00,55.66,27.24,113.66,41.38,239.2,5.07,1654.0,83.72,78.17,53.69,217.4,0
M0044, Fan ,Plant-C,Weekend,2026-01-14 04:03:00,61.0,39.98,112.11,47.58,232.85,4.25,1715.0,87.95,106.84,67.1,246.2,0
M0007,TURBINE,REFINERY-1,Weekend,2026-02-13 09:17:00,64.28,40.41,105.15,56.58,240.67,5.7,1430.0,62.61,,64.39,246.7,0
M0005,Pump,plant-a,Day,2026-01-12 08:28:00,59.26,23.95,100.17,43.74,229.69,5.32,1693.0,93.87,88.13,62.05,264.4,0
M0038,motor,Plant-A,Night,2026-03-26 20:22:00,54.29,32.97,109.27,57.87,222.37,3.91,1510.0,,55.41,58.41,155.4,0
M0031,Compressor,Plant-C, NIGHT ,2026-03-14 03:05:00,74.4,36.13,119.15,52.61,235.82,4.95,1525.0,86.95,90.12,55.39,157.2,0
M0016,MOTOR,Plant-A,Odd,2026-01-04 15:20:00,70.07,41.25,,62.07,227.92,5.21,1598.0,78.91,102.29,62.68,252.5,0
M0042,Compressor,REFINERY-1,WEEKEND,2026-03-22 18:43:00,,,103.81,38.65,206.25,5.77,1431.0,70.44,63.36,,209.6,0
M0028,Pump,Refinery-2,Odd,2026-01-09 16:38:00,54.77,28.83,107.06,52.7,231.79,5.55,1615.0,67.09,,44.45,313.7,0
M0015,Fan,Plant-C,Night,2026-03-03 00:25:00,50.92,34.51,106.29,66.71,216.2,5.14,1765.0,86.91,71.65,60.02,220.1,0
M0039,turbine,PLANT-C, Night ,2026-01-22 16:59:00,49.09,,94.74,51.19,213.63,5.57,,?,82.33,51.69,185.6,0
M0034,MOTOR,Plant-C, Weekend ,2026-01-20 02:59:00,71.61,26.66,104.41,?,216.18,6.28,1389.0,71.55,68.6,,189.8,0
M0041,Motor,Refinery-1,Odd,2026-02-17 12:39:00,,29.45,113.88,38.36,224.95,4.63,1423.0,77.61,73.46,47.05,299.5,0
M0036,Turbine,Refinery-1,NIGHT,2026-01-13 14:58:00,64.68,33.44,113.38,49.46,,?,1421.0,65.59,?,49.51,294.8,0
M0010,Turbine,Refinery-2,Day,2026-03-26 20:43:00,59.73,34.35,88.94,56.23,225.31,5.07,1352.0,65.2,,56.12,236.7,1
M0010,Fan,Refinery-1,Odd,2026-01-05 13:09:00,66.17,29.9,107.83,57.59,210.88,5.78,1550.0,72.96,62.35,,75.2,1
M0014,Fan,PLANT-C,odd,2026-02-01 07:56:00,,24.11,114.9,58.17,226.49,4.3,1536.0,76.94,66.26,54.76,135.4,0
M0038,Turbine,refinery-2,Odd,2026-01-18 22:26:00,,33.35,110.43,46.59,231.61,4.81,1373.0,90.26,65.01,61.95,?,1
M0048,Fan,Refinery-2,weekend,2026-03-16 15:55:00,60.7,37.37,98.6,54.48,220.69,5.35,1533.0,83.73,73.58,43.85,137.1,0
M0019,Turbine, Plant-B ,day,2026-02-18 23:23:00,52.82,37.51,118.21,,219.5,4.71,1524.0,62.05,68.46,63.8,259.0,0
M0021,Fan,Refinery-1,ODD,2026-03-15 03:21:00,54.43,24.93,?,49.18,249.52,4.39,1534.0,60.76,75.35,54.88,270.7,0
